"","Player.ID","Last.Name","First.Name","Bats","Pitches","Team","V7"
"1","adelj001","Adell","Jo","R","R","ANA","OF"
"2","barrj003","Barria","Jaime","R","R","ANA","P"
"3","bemba001","Bemboom","Anthony","L","R","ANA","C"
"4","bundd001","Bundy","Dylan","B","R","ANA","P"
"5","buted001","Butera","Drew","R","R","ANA","C"
"6","canng001","Canning","Griffin","R","R","ANA","P"
"7","cishs001","Cishek","Steve","R","R","ANA","P"
"8","claua001","Claudio","Alex","L","L","ANA","P"
"9","cobba001","Cobb","Alex","R","R","ANA","P"
"10","crisc002","Criswell","Cooper","R","R","ANA","P"
"11","detmr001","Detmers","Reid","L","L","ANA","P"
"12","diazj007","Diaz","Jhonathan","L","L","ANA","P"
"13","eatoa002","Eaton","Adam","L","L","ANA","OF"
"14","fletd002","Fletcher","David","R","R","ANA","SS"
"15","fowld001","Fowler","Dexter","B","R","ANA","OF"
"16","gossp001","Gosselin","Phil","R","R","ANA","2B"
"17","guerj003","Guerra","Junior","R","R","ANA","P"
"18","heana001","Heaney","Andrew","L","L","ANA","P"
"19","hergj001","Herget","Jimmy","R","R","ANA","P"
"20","hoytj001","Hoyt","James","R","R","ANA","P"
"21","iglej001","Iglesias","Jose","R","R","ANA","SS"
"22","igler001","Iglesias","Raisel","R","R","ANA","P"
"23","jay-j001","Jay","Jon","L","L","ANA","OF"
"24","junkj001","Junk","Janson","R","R","ANA","P"
"25","krugj001","Kruger","Jack","R","R","ANA","C"
"26","lagaj001","Lagares","Juan","R","R","ANA","OF"
"27","marsb002","Marsh","Brandon","L","R","ANA","OF"
"28","martj010","Marte","Jose","R","R","ANA","P"
"29","mayem001","Mayers","Mike","R","R","ANA","P"
"30","mayfj001","Mayfield","Jack","R","R","ANA","2B"
"31","naugp001","Naughton","Packy","R","L","ANA","P"
"32","ohtas001","Ohtani","Shohei","L","R","ANA","P"
"33","orteo001","Ortega","Oliver","R","R","ANA","P"
"34","pegue001","Peguero","Elvis","R","R","ANA","P"
"35","penaf002","Pena","Felix","R","R","ANA","P"
"36","petrj001","Petricka","Jake","R","R","ANA","P"
"37","pujoa001","Pujols","Albert","R","R","ANA","1B"
"38","quijj001","Quijada","Jose","L","L","ANA","P"
"39","quinj001","Quintana","Jose","R","L","ANA","P"
"40","ramin002","Ramirez","Noe","R","R","ANA","P"
"41","ramoa001","Ramos","A.J.","R","R","ANA","P"
"42","renda001","Rendon","Anthony","R","R","ANA","2B"
"43","rengl001","Rengifo","Luis","B","R","ANA","2B"
"44","rodrc002","Rodriguez","Chris","R","R","ANA","P"
"45","rojaj002","Rojas","Jose","L","R","ANA","SS"
"46","roweb001","Rowen","Ben","R","R","ANA","P"
"47","sandp002","Sandoval","Patrick","L","L","ANA","P"
"48","sches001","Schebler","Scott","L","R","ANA","OF"
"49","selms001","Selman","Sam","R","L","ANA","P"
"50","slega001","Slegers","Aaron","R","R","ANA","P"
"51","stasm001","Stassi","Max","R","R","ANA","C"
"52","strih001","Strickland","Hunter","R","R","ANA","P"
"53","suarj001","Suarez","Jose","L","L","ANA","P"
"54","suzuk001","Suzuki","Kurt","R","R","ANA","C"
"55","thaim001","Thaiss","Matt","L","R","ANA","1B"
"56","troum001","Trout","Mike","R","R","ANA","OF"
"57","tylek001","Tyler","Kyle","R","R","ANA","P"
"58","uptoj001","Upton","Justin","R","R","ANA","OF"
"59","walsj001","Walsh","Jared","L","L","ANA","OF"
"60","wanta001","Wantz","Andrew","R","R","ANA","P"
"61","wardt002","Ward","Taylor","R","R","ANA","3B"
"62","warra003","Warren","Austin","R","R","ANA","P"
"63","watst001","Watson","Tony","L","L","ANA","P"
"64","wongk002","Wong","Kean","L","R","ANA","2B"
"65","aguim001","Aguilar","Miguel","L","L","ARI","P"
"66","ahmen001","Ahmed","Nick","R","R","ARI","SS"
"67","beers001","Beer","Seth","L","R","ARI","1B"
"68","buchr001","Buchter","Ryan","L","L","ARI","P"
"69","bukaj001","Bukauskas","J.B.","R","R","ARI","P"
"70","bumgm001","Bumgarner","Madison","R","L","ARI","P"
"71","cabra002","Cabrera","Asdrubal","B","R","ARI","SS"
"72","calhk001","Calhoun","Kole","L","L","ARI","OF"
"73","casth002","Castellanos","Humberto","R","R","ARI","P"
"74","clart003","Clarke","Taylor","R","R","ARI","P"
"75","clipt001","Clippard","Tyler","R","R","ARI","P"
"76","crics001","Crichton","Stefan","R","R","ARI","P"
"77","degeb001","de Geus","Brett","R","R","ARI","P"
"78","devec001","Devenski","Chris","R","R","ARI","P"
"79","duplj001","Duplantier","Jon","L","R","ARI","P"
"80","ellid002","Ellis","Drew","R","R","ARI","3B"
"81","escoe001","Escobar","Eduardo","B","R","ARI","SS"
"82","fairs001","Fairchild","Stuart","R","R","ARI","OF"
"83","farij001","Faria","Jacob","R","R","ARI","P"
"84","frans001","Frankoff","Seth","R","R","ARI","P"
"85","frial001","Frias","Luis","R","R","ARI","P"
"86","gallz001","Gallen","Zac","R","R","ARI","P"
"87","gilbt001","Gilbert","Tyler","L","L","ARI","P"
"88","ginkk001","Ginkel","Kevin","L","R","ARI","P"
"89","hagej001","Hager","Jake","R","R","ARI","2B"
"90","heatn002","Heath","Nick","L","L","ARI","OF"
"91","holab001","Holaday","Bryan","R","R","ARI","C"
"92","kellc002","Kelly","Carson","R","R","ARI","C"
"93","kellm002","Kelly","Merrill","R","R","ARI","P"
"94","leybd001","Leyba","Domingo","B","R","ARI","2B"
"95","locat001","Locastro","Tim","R","R","ARI","2B"
"96","lopey001","Lopez","Yoan","R","R","ARI","P"
"97","mantj002","Mantiply","Joe","R","L","ARI","P"
"98","martc009","Martin","Corbin","R","R","ARI","P"
"99","martk001","Marte","Ketel","B","R","ARI","SS"
"100","mathw001","Mathisen","Wyatt","R","R","ARI","3B"
"101","mccaj003","McCarthy","Jake","L","L","ARI","OF"
"102","mejih001","Mejia","Humberto","R","R","ARI","P"
"103","mellk001","Mella","Keury","R","R","ARI","P"
"104","peacm001","Peacock","Matt","R","R","ARI","P"
"105","perad001","Peralta","David","L","L","ARI","OF"
"106","perdg001","Perdomo","Geraldo","B","R","ARI","SS"
"107","popps001","Poppen","Sean","R","R","ARI","P"
"108","ramin002","Ramirez","Noe","R","R","ARI","P"
"109","ramoh001","Ramos","Henry","B","R","ARI","OF"
"110","reddj001","Reddick","Josh","L","R","ARI","OF"
"111","rojaj001","Rojas","Josh","L","R","ARI","3B"
"112","sittb001","Sittinger","Brandyn","R","R","ARI","P"
"113","smitc006","Smith","Caleb","R","L","ARI","P"
"114","smitp002","Smith","Pavin","L","L","ARI","OF"
"115","smitr005","Smith","Riley","R","R","ARI","P"
"116","sorij001","Soria","Joakim","R","R","ARI","P"
"117","swara001","Swarzak","Anthony","R","R","ARI","P"
"118","vanmj001","VanMeter","Josh","L","R","ARI","2B"
"119","vargi001","Vargas","Ildemaro","B","R","ARI","2B"
"120","varsd001","Varsho","Daulton","L","R","ARI","C"
"121","vogts001","Vogt","Stephen","L","R","ARI","C"
"122","walkc002","Walker","Christian","R","R","ARI","1B"
"123","weavl001","Weaver","Luke","R","R","ARI","P"
"124","weemj001","Weems","Jordan","L","R","ARI","P"
"125","wendj001","Wendelken","J.B.","R","R","ARI","P"
"126","widet001","Widener","Taylor","L","R","ARI","P"
"127","youna002","Young","Alex","L","L","ARI","P"
"128","youna003","Young","Andrew","R","R","ARI","2B"
"129","acunr001","Acuna","Ronald","R","R","ATL","OF"
"130","adrie001","Adrianza","Ehire","B","R","ATL","2B"
"131","albio001","Albies","Ozzie","B","R","ATL","2B"
"132","almoa001","Almonte","Abraham","B","R","ATL","OF"
"133","andei001","Anderson","Ian","R","R","ATL","P"
"134","arcio002","Arcia","Orlando","R","R","ATL","SS"
"135","biddj001","Biddle","Jesse","L","L","ATL","P"
"136","camaj001","Camargo","Johan","B","R","ATL","SS"
"137","chavj001","Chavez","Jesse","R","R","ATL","P"
"138","contw002","Contreras","William","R","R","ATL","C"
"139","darnt001","d'Arnaud","Travis","R","R","ATL","C"
"140","davit005","Davidson","Tucker","L","L","ATL","P"
"141","daytg001","Dayton","Grant","L","L","ATL","P"
"142","duvaa001","Duvall","Adam","R","R","ATL","OF"
"143","edwac001","Edwards","Carl","R","R","ATL","P"
"144","flaaj001","Flaa","Jay","R","R","ATL","P"
"145","freef001","Freeman","Freddie","L","R","ATL","1B"
"146","friem001","Fried","Max","L","L","ATL","P"
"147","goret001","Gore","Terrance","R","R","ATL","OF"
"148","grees005","Greene","Shane","R","R","ATL","P"
"149","hereg002","Heredia","Guillermo","R","L","ATL","OF"
"150","incie001","Inciarte","Ender","L","L","ATL","OF"
"151","jacka002","Jackson","Alex","R","R","ATL","C"
"152","jackl001","Jackson","Luke","R","R","ATL","P"
"153","jonen001","Jones","Nate","R","R","ATL","P"
"154","kazms002","Kazmar","Sean","R","R","ATL","SS"
"155","lee-d005","Lee","Dylan","L","L","ATL","P"
"156","lucrj001","Lucroy","Jonathan","R","R","ATL","C"
"157","martc007","Martin","Chris","R","R","ATL","P"
"158","mathj001","Mathis","Jeff","R","R","ATL","C"
"159","matzt001","Matzek","Tyler","L","L","ATL","P"
"160","minta001","Minter","A. J.","L","L","ATL","P"
"161","mortc002","Morton","Charlie","R","R","ATL","P"
"162","mullk001","Muller","Kyle","R","L","ATL","P"
"163","newcs001","Newcomb","Sean","L","L","ATL","P"
"164","ozunm001","Ozuna","Marcell","R","R","ATL","OF"
"165","pachc001","Pache","Cristian","R","R","ATL","OF"
"166","pedej001","Pederson","Joc","L","L","ATL","OF"
"167","rilea001","Riley","Austin","R","R","ATL","3B"
"168","rodrr008","Rodriguez","Richard","R","R","ATL","P"
"169","rosae001","Rosario","Eddie","L","R","ATL","OF"
"170","sandp001","Sandoval","Pablo","B","R","ATL","3B"
"171","sante002","Santana","Edgar","R","R","ATL","P"
"172","smitk002","Smith","Kevan","R","R","ATL","C"
"173","smitw002","Smith","Will","R","L","ATL","P"
"174","smyld001","Smyly","Drew","L","L","ATL","P"
"175","solej001","Soler","Jorge","R","R","ATL","OF"
"176","stris002","Strider","Spencer","R","R","ATL","P"
"177","swand001","Swanson","Dansby","R","R","ATL","SS"
"178","ticet001","Tice","Ty","L","R","ATL","P"
"179","tomlj001","Tomlin","Josh","R","R","ATL","P"
"180","toust001","Toussaint","Touki","R","R","ATL","P"
"181","vogts001","Vogt","Stephen","L","R","ATL","C"
"182","webbj002","Webb","Jacob","R","R","ATL","P"
"183","wilsb003","Wilson","Bryse","R","R","ATL","P"
"184","wrigk001","Wright","Kyle","R","R","ATL","P"
"185","ynoah001","Ynoa","Huascar","R","R","ATL","P"
"186","abadf001","Abad","Fernando","L","L","BAL","P"
"187","akink001","Akin","Keegan","L","L","BAL","P"
"188","andes002","Anderson","Shaun","R","R","BAL","P"
"189","armss001","Armstrong","Shawn","R","R","BAL","P"
"190","barrm004","Barreda","Manny","R","R","BAL","P"
"191","baumm001","Baumann","Mike","R","R","BAL","P"
"192","burdz001","Burdi","Zack","R","R","BAL","P"
"193","ciufn001","Ciuffo","Nick","L","R","BAL","C"
"194","diplm001","Diplan","Marcos","R","R","BAL","P"
"195","ellic001","Ellis","Chris","L","R","BAL","P"
"196","eshet001","Eshelman","Tom","R","R","BAL","P"
"197","flaaj001","Flaa","Jay","R","R","BAL","P"
"198","franm004","Franco","Maikel","R","R","BAL","3B"
"199","fry-p001","Fry","Paul","L","L","BAL","P"
"200","galvf001","Galvis","Freddy","B","R","BAL","SS"
"201","greec004","Greene","Conner","R","R","BAL","P"
"202","gutik001","Gutierrez","Kelvin","R","R","BAL","3B"
"203","hanhe001","Hanhold","Eric","R","R","BAL","P"
"204","harvh001","Harvey","Hunter","R","R","BAL","P"
"205","harvm001","Harvey","Matt","R","R","BAL","P"
"206","haysa001","Hays","Austin","R","R","BAL","OF"
"207","jannm001","Jannis","Mickey","R","R","BAL","P"
"208","jonej007","Jones","Jahmai","R","R","BAL","2B"
"209","knigd001","Knight","Dusten","R","R","BAL","P"
"210","krehj001","Krehbiel","Joey","R","R","BAL","P"
"211","kremd001","Kremer","Dean","R","R","BAL","P"
"212","krisb001","Kriske","Brooks","R","R","BAL","P"
"213","lakit001","Lakins","Travis","R","R","BAL","P"
"214","leblw001","LeBlanc","Wade","L","L","BAL","P"
"215","leybd001","Leyba","Domingo","B","R","BAL","2B"
"216","lopej004","Lopez","Jorge","R","R","BAL","P"
"217","lowtz001","Lowther","Zac","L","L","BAL","P"
"218","manct001","Mancini","Trey","R","R","BAL","OF"
"219","martr006","Martin","Richie","R","R","BAL","SS"
"220","matej003","Mateo","Jorge","R","R","BAL","SS"
"221","matti001","Mattson","Isaac","R","R","BAL","P"
"222","mcker001","McKenna","Ryan","R","R","BAL","OF"
"223","meanj001","Means","John","L","L","BAL","P"
"224","mounr001","Mountcastle","Ryan","R","R","BAL","1B"
"225","mullc002","Mullins","Cedric","L","L","BAL","OF"
"226","nevit001","Nevin","Tyler","R","R","BAL","1B"
"227","pluta001","Plutko","Adam","R","R","BAL","P"
"228","ruizr002","Ruiz","Rio","L","R","BAL","3B"
"229","santa003","Santander","Anthony","B","R","BAL","OF"
"230","scerm001","Sceroler","Mac","R","R","BAL","P"
"231","scott003","Scott","Tanner","R","L","BAL","P"
"232","sevep001","Severino","Pedro","R","R","BAL","C"
"233","siscc001","Sisco","Chance","L","R","BAL","C"
"234","stewd002","Stewart","DJ","L","R","BAL","OF"
"235","sulsc001","Sulser","Cole","R","R","BAL","P"
"236","tated001","Tate","Dillon","R","R","BAL","P"
"237","uriar001","Urias","Ramon","R","R","BAL","2B"
"238","valap001","Valaika","Pat","R","R","BAL","SS"
"239","valdc003","Valdez","Cesar","R","R","BAL","P"
"240","waddb001","Waddell","Brandon","L","L","BAL","P"
"241","wadek001","Wade","Konner","L","R","BAL","P"
"242","watks003","Watkins","Spenser","R","R","BAL","P"
"243","wella001","Wells","Alexander","L","L","BAL","P"
"244","wellt003","Wells","Tyler","R","R","BAL","P"
"245","wilks001","Wilkerson","Steve","B","R","BAL","3B"
"246","wynna001","Wynns","Austin","R","R","BAL","P"
"247","zimmb002","Zimmermann","Bruce","L","L","BAL","P"
"248","andrm001","Andriese","Matt","R","R","BOS","P"
"249","arauj001","Arauz","Jonathan","B","R","BOS","SS"
"250","arroc001","Arroyo","Christian","R","R","BOS","3B"
"251","barnm001","Barnes","Matt","R","R","BOS","P"
"252","bazae001","Bazardo","Eduard","R","R","BOS","P"
"253","bogax001","Bogaerts","Xander","R","R","BOS","SS"
"254","brasr001","Brasier","Ryan","R","R","BOS","P"
"255","brenb003","Brennan","Brandon","R","R","BOS","P"
"256","brewc002","Brewer","Colten","R","R","BOS","P"
"257","brica001","Brice","Austin","R","R","BOS","P"
"258","chavm001","Chavis","Michael","R","R","BOS","3B"
"259","cordf003","Cordero","Franchy","L","R","BOS","OF"
"260","crawk001","Crawford","Kutter","R","R","BOS","P"
"261","dalbb001","Dalbec","Bobby","R","R","BOS","1B"
"262","davia003","Davis","Austin","L","L","BOS","P"
"263","dever001","Devers","Rafael","L","R","BOS","3B"
"264","duraj001","Duran","Jarren","L","R","BOS","OF"
"265","eovan001","Eovaldi","Nathan","R","R","BOS","P"
"266","espir001","Espinal","Raynel","R","R","BOS","P"
"267","felim001","Feliz","Michael","R","R","BOS","P"
"268","gonzm002","Gonzalez","Marwin","B","R","BOS","1B"
"269","gonss001","Gonsalves","Stephen","L","L","BOS","P"
"270","hernd004","Hernandez","Darwinzon","L","L","BOS","P"
"271","herne001","Hernandez","Enrique","R","R","BOS","OF"
"272","houct001","Houck","Tanner","R","R","BOS","P"
"273","iglej001","Iglesias","Jose","R","R","BOS","SS"
"274","lopej005","Lopez","Jack","R","R","BOS","SS"
"275","martj006","Martinez","J. D.","R","R","BOS","OF"
"276","mottt001","Motter","Taylor","R","R","BOS","OF"
"277","munoy001","Munoz","Yairo","R","R","BOS","SS"
"278","ort-k001","Ort","Kaleb","R","R","BOS","P"
"279","ottaa001","Ottavino","Adam","B","R","BOS","P"
"280","peacb001","Peacock","Brad","R","R","BOS","P"
"281","perem004","Perez","Martin","L","L","BOS","P"
"282","piven001","Pivetta","Nick","R","R","BOS","P"
"283","plawk001","Plawecki","Kevin","R","R","BOS","C"
"284","renfh001","Renfroe","Hunter","R","R","BOS","OF"
"285","richg002","Richards","Garrett","R","R","BOS","P"
"286","riosy001","Rios","Yacksel","R","R","BOS","P"
"287","roblh001","Robles","Hansel","R","R","BOS","P"
"288","rodre004","Rodriguez","Eduardo","L","L","BOS","P"
"289","salec001","Sale","Chris","L","L","BOS","P"
"290","santd001","Santana","Danny","B","R","BOS","OF"
"291","sawah001","Sawamura","Hirokazu","R","R","BOS","P"
"292","schrj001","Schreiber","John","R","R","BOS","P"
"293","schwk001","Schwarber","Kyle","L","R","BOS","OF"
"294","seabc001","Seabold","Connor","R","R","BOS","P"
"295","shawt001","Shaw","Travis","L","R","BOS","1B"
"296","taylj001","Taylor","Josh","L","L","BOS","P"
"297","valdp002","Valdez","Phillips","R","R","BOS","P"
"298","vazqc001","Vazquez","Christian","R","R","BOS","C"
"299","verda001","Verdugo","Alex","L","L","BOS","OF"
"300","weber001","Weber","Ryan","R","R","BOS","P"
"301","whitg002","Whitlock","Garrett","L","R","BOS","P"
"302","wongc001","Wong","Connor","R","R","BOS","C"
"303","workb001","Workman","Brandon","R","R","BOS","P"
"304","abrej003","Abreu","Jose","R","R","CHA","1B"
"305","andet001","Anderson","Tim","R","R","CHA","SS"
"306","bumma001","Bummer","Aaron","L","L","CHA","P"
"307","burdz001","Burdi","Zack","R","R","CHA","P"
"308","burgj001","Burger","Jake","R","R","CHA","3B"
"309","burrr002","Burr","Ryan","R","R","CHA","P"
"310","ceasd001","Cease","Dylan","R","R","CHA","P"
"311","collz001","Collins","Zack","L","R","CHA","C"
"312","crocg001","Crochet","Garrett","L","L","CHA","P"
"313","eatoa002","Eaton","Adam","L","L","CHA","OF"
"314","engea001","Engel","Adam","R","R","CHA","OF"
"315","fostm001","Foster","Matt","R","R","CHA","P"
"316","fry-j001","Fry","Jace","L","L","CHA","P"
"317","garcl004","Garcia","Leury","B","R","CHA","OF"
"318","gioll001","Giolito","Lucas","R","R","CHA","P"
"319","gonzl005","Gonzalez","Luis","L","L","CHA","OF"
"320","gonzr003","Gonzalez","Romy","R","R","CHA","OF"
"321","goodb001","Goodwin","Brian","L","R","CHA","OF"
"322","grany001","Grandal","Yasmani","B","R","CHA","C"
"323","hamib001","Hamilton","Billy","B","R","CHA","OF"
"324","hendl001","Hendriks","Liam","R","R","CHA","P"
"325","hernc005","Hernandez","Cesar","B","R","CHA","2B"
"326","heuec001","Heuer","Codi","R","R","CHA","P"
"327","jimee001","Jimenez","Eloy","R","R","CHA","OF"
"328","keucd001","Keuchel","Dallas","L","L","CHA","P"
"329","kimbc001","Kimbrel","Craig","R","R","CHA","P"
"330","kopem001","Kopech","Michael","R","R","CHA","P"
"331","lambj001","Lamb","Jake","L","R","CHA","3B"
"332","lambj003","Lambert","Jimmy","R","R","CHA","P"
"333","loper003","Lopez","Reynaldo","R","R","CHA","P"
"334","lynnl001","Lynn","Lance","R","R","CHA","P"
"335","madrn001","Madrigal","Nick","R","R","CHA","2B"
"336","marse001","Marshall","Evan","R","R","CHA","P"
"337","mcraa001","McRae","Alex","R","R","CHA","P"
"338","mendd002","Mendick","Danny","R","R","CHA","SS"
"339","mercy001","Mercedes","Yermin","R","R","CHA","C"
"340","moncy001","Moncada","Yoan","B","R","CHA","3B"
"341","robel002","Robert","Luis","R","R","CHA","OF"
"342","rodoc001","Rodon","Carlos","L","L","CHA","P"
"343","ruizj001","Ruiz","Jose","R","R","CHA","P"
"344","sheeg001","Sheets","Gavin","L","L","CHA","OF"
"345","stiej001","Stiever","Jonathan","R","R","CHA","P"
"346","teper001","Tepera","Ryan","R","R","CHA","P"
"347","vauga001","Vaughn","Andrew","R","R","CHA","1B"
"348","willn001","Williams","Nick","L","L","CHA","OF"
"349","wrigm001","Wright","Mike","R","R","CHA","P"
"350","zavas001","Zavala","Seby","R","R","CHA","C"
"351","abboc001","Abbott","Cory","R","R","CHN","P"
"352","adamj002","Adam","Jason","R","R","CHN","P"
"353","alcas002","Alcantara","Sergio","B","R","CHN","SS"
"354","alzoa001","Alzolay","Adbert","R","R","CHN","P"
"355","arrij001","Arrieta","Jake","R","R","CHN","P"
"356","baezj001","Baez","Javier","R","R","CHN","2B"
"357","biagj001","Biagini","Joe","R","R","CHN","P"
"358","boted002","Bote","David","R","R","CHN","2B"
"359","brotr001","Brothers","Rex","L","L","CHN","P"
"360","bryak001","Bryant","Kris","R","R","CHN","3B"
"361","caste001","Castillo","Erick","R","R","CHN","C"
"362","chafa001","Chafin","Andrew","R","L","CHN","P"
"363","chirr001","Chirinos","Robinson","R","R","CHN","C"
"364","contw001","Contreras","Willson","R","R","CHN","C"
"365","daviz001","Davies","Zach","R","R","CHN","P"
"366","deicg001","Deichmann","Greg","L","R","CHN","OF"
"367","duffm002","Duffy","Matt","R","R","CHN","3B"
"368","effrs001","Effross","Scott","R","R","CHN","P"
"369","fargj001","Fargas","Johneshwy","R","R","CHN","OF"
"370","giamt001","Giambrone","Trent","R","R","CHN","2B"
"371","gusht001","Gushue","Taylor","B","R","CHN","1B"
"372","happi001","Happ","Ian","B","R","CHN","2B"
"373","hendk001","Hendricks","Kyle","R","R","CHN","P"
"374","hermm001","Hermosillo","Michael","R","R","CHN","OF"
"375","heuec001","Heuer","Codi","R","R","CHN","P"
"376","heywj001","Heyward","Jason","L","L","CHN","OF"
"377","higgp001","Higgins","P.J.","R","R","CHN","C"
"378","hoern001","Hoerner","Nico","R","R","CHN","SS"
"379","jewej001","Jewell","Jake","R","R","CHN","P"
"380","kimbc001","Kimbrel","Craig","R","R","CHN","P"
"381","ladet001","Ladendorf","Tyler","R","R","CHN","OF"
"382","lobaj001","Lobaton","Jose","B","R","CHN","C"
"383","mapld001","Maples","Dillon","R","R","CHN","P"
"384","marij002","Marisnick","Jake","R","R","CHN","OF"
"385","martn003","Martini","Nick","L","L","CHN","OF"
"386","megit001","Megill","Trevor","L","R","CHN","P"
"387","meisr001","Meisinger","Ryan","R","R","CHN","P"
"388","milla003","Mills","Alec","R","R","CHN","P"
"389","mills001","Miller","Shelby","R","R","CHN","P"
"390","morga001","Morgan","Adam","L","L","CHN","P"
"391","nanct001","Nance","Tommy","R","R","CHN","P"
"392","orter001","Ortega","Rafael","L","R","CHN","OF"
"393","paynt001","Payne","Tyler","R","R","CHN","C"
"394","pedej001","Pederson","Joc","L","L","CHN","OF"
"395","rivaa001","Rivas","Alfonso","L","L","CHN","1B"
"396","rizza001","Rizzo","Anthony","L","L","CHN","1B"
"397","rodrm001","Rodriguez","Manuel","R","R","CHN","P"
"398","romia001","Romine","Andrew","B","R","CHN","3B"
"399","romia002","Romine","Austin","R","R","CHN","C"
"400","ruckm001","Rucker","Michael","R","R","CHN","P"
"401","ryank002","Ryan","Kyle","L","L","CHN","P"
"402","sampa001","Sampson","Adrian","R","R","CHN","P"
"403","schwf001","Schwindel","Frank","R","R","CHN","1B"
"404","sogae001","Sogard","Eric","L","R","CHN","2B"
"405","steej002","Steele","Justin","L","L","CHN","P"
"406","stewk001","Stewart","Kohl","R","R","CHN","P"
"407","stocr001","Stock","Robert","L","R","CHN","P"
"408","strop001","Strop","Pedro","R","R","CHN","P"
"409","teper001","Tepera","Ryan","R","R","CHN","P"
"410","thomk002","Thompson","Keegan","R","R","CHN","P"
"411","thomt002","Thompson","Trayce","R","R","CHN","OF"
"412","vargi001","Vargas","Ildemaro","B","R","CHN","2B"
"413","wickr001","Wick","Rowan","L","R","CHN","P"
"414","wiecb001","Wieck","Brad","L","L","CHN","P"
"415","willt002","Williams","Trevor","R","R","CHN","P"
"416","winkd001","Winkler","Dan","R","R","CHN","P"
"417","wisdp001","Wisdom","Patrick","R","R","CHN","3B"
"418","woltt001","Wolters","Tony","L","R","CHN","C"
"419","workb001","Workman","Brandon","R","R","CHN","P"
"420","akiys001","Akiyama","Shogo","L","R","CIN","OF"
"421","alanr001","Alaniz","R. J.","R","R","CIN","P"
"422","antot001","Antone","Tejay","R","R","CIN","P"
"423","aquia001","Aquino","Aristides","R","R","CIN","OF"
"424","barnt001","Barnhart","Tucker","L","R","CIN","C"
"425","bedrc001","Bedrosian","Cam","R","R","CIN","P"
"426","blana002","Blandino","Alex","R","R","CIN","2B"
"427","bracb001","Brach","Brad","R","R","CIN","P"
"428","cabra002","Cabrera","Asdrubal","B","R","CIN","SS"
"429","castl003","Castillo","Luis","R","R","CIN","P"
"430","castn001","Castellanos","Nick","R","R","CIN","3B"
"431","cessl001","Cessa","Luis","R","R","CIN","P"
"432","delej003","De Leon","Jose","R","R","CIN","P"
"433","deshd002","DeShields","Delino","R","R","CIN","OF"
"434","dools001","Doolittle","Sean","L","L","CIN","P"
"435","farmk001","Farmer","Kyle","R","R","CIN","C"
"436","felim001","Feliz","Michael","R","R","CIN","P"
"437","freem002","Freeman","Mike","L","R","CIN","1B"
"438","friet001","Friedl","TJ","L","L","CIN","OF"
"439","fulmc001","Fulmer","Carson","R","R","CIN","P"
"440","garce001","Garcia","Edgar","R","R","CIN","P"
"441","garcj007","Barrero","Jose","R","R","CIN","SS"
"442","garra001","Garrett","Amir","R","L","CIN","P"
"443","givem001","Givens","Mychal","R","R","CIN","P"
"444","gouda001","Goudeau","Ashton","R","R","CIN","P"
"445","grays001","Gray","Sonny","R","R","CIN","P"
"446","gutiv001","Gutierrez","Vladimir","R","R","CIN","P"
"447","heins001","Heineman","Scott","R","R","CIN","OF"
"448","hembh001","Hembree","Heath","R","R","CIN","P"
"449","hendr003","Hendrix","Ryan","R","R","CIN","P"
"450","hoffj003","Hoffman","Jeff","R","R","CIN","P"
"451","indij001","India","Jonathan","R","R","CIN","3B"
"452","lopea005","Lopez","Alejo","B","R","CIN","2B"
"453","lorem002","Lorenzen","Michael","R","R","CIN","P"
"454","mahlt001","Mahle","Tyler","R","R","CIN","P"
"455","milew001","Miley","Wade","L","L","CIN","P"
"456","mored002","Moreta","Dauri","R","R","CIN","P"
"457","mousm001","Moustakas","Mike","L","R","CIN","3B"
"458","naqut001","Naquin","Tyler","L","R","CIN","OF"
"459","obrir001","O'Brien","Riley","R","R","CIN","P"
"460","osicj001","Osich","Josh","L","L","CIN","P"
"461","paytm001","Payton","Mark","L","L","CIN","OF"
"462","perec004","Perez","Cionel","R","L","CIN","P"
"463","romas001","Romano","Sal","L","R","CIN","P"
"464","sanmr001","Sanmartin","Reiver","B","L","CIN","P"
"465","santt001","Santillan","Tony","R","R","CIN","P"
"466","schrm001","Schrock","Max","L","R","CIN","2B"
"467","senzn001","Senzel","Nick","R","R","CIN","OF"
"468","simsl001","Sims","Lucas","R","R","CIN","P"
"469","stept001","Stephenson","Tyler","R","R","CIN","C"
"470","suare001","Suarez","Eugenio","R","R","CIN","SS"
"471","vottj001","Votto","Joey","L","R","CIN","1B"
"472","warra002","Warren","Art","R","R","CIN","P"
"473","wilsj004","Wilson","Justin","L","L","CIN","P"
"474","winkj002","Winker","Jesse","L","L","CIN","P"
"475","allel002","Allen","Logan","R","L","CLE","P"
"476","bauej001","Bauers","Jake","L","L","CLE","1B"
"477","biebs001","Bieber","Shane","R","R","CLE","P"
"478","bradb002","Bradley","Bobby","L","R","CLE","1B"
"479","chany001","Chang","Yu","R","R","CLE","SS"
"480","civaa001","Civale","Aaron","R","R","CLE","P"
"481","clase001","Clase","Emmanuel","R","R","CLE","P"
"482","cleme002","Clement","Ernie","R","R","CLE","2B"
"483","gameb001","Gamel","Ben","L","L","CLE","OF"
"484","garzj001","Garza","Justin","R","R","CLE","P"
"485","gimea001","Gimenez","Andres","L","R","CLE","SS"
"486","gosea001","Gose","Anthony","L","L","CLE","OF"
"487","hedga001","Hedges","Austin","R","R","CLE","C"
"488","hents001","Hentges","Sam","L","L","CLE","P"
"489","hernc005","Hernandez","Cesar","B","R","CLE","2B"
"490","johnd005","Johnson","DJ","L","R","CLE","P"
"491","johnd006","Johnson","Daniel","L","L","CLE","OF"
"492","karij001","Karinchak","James","R","R","CLE","P"
"493","lavar001","Lavarnway","Ryan","R","R","CLE","C"
"494","luplj001","Luplow","Jordan","R","R","CLE","OF"
"495","matop002","Maton","Phil","R","R","CLE","P"
"496","mcket001","McKenzie","Triston","R","R","CLE","P"
"497","mejij002","Mejia","Jean Carlos","R","R","CLE","P"
"498","merco003","Mercado","Oscar","R","R","CLE","OF"
"499","millo002","Miller","Owen","R","R","CLE","SS"
"500","morge001","Morgan","Eli","R","R","CLE","P"
"501","naylj001","Naylor","Josh","L","L","CLE","OF"
"502","nelsk001","Nelson","Kyle","L","L","CLE","P"
"503","parkb001","Parker","Blake","R","R","CLE","P"
"504","peref002","Perez","Francisco","B","L","CLE","P"
"505","pereo002","Perez","Oliver","L","L","CLE","P"
"506","perer003","Perez","Roberto","R","R","CLE","C"
"507","plesz001","Plesac","Zach","R","R","CLE","P"
"508","quanc001","Quantrill","Cal","L","R","CLE","P"
"509","ramih004","Ramirez","Harold","R","R","CLE","OF"
"510","ramij003","Ramirez","Jose","B","R","CLE","SS"
"511","ramow001","Ramos","Wilson","R","R","CLE","C"
"512","reyef001","Reyes","Franmil","R","R","CLE","OF"
"513","river003","Rivera","Rene","R","R","CLE","C"
"514","rosaa003","Rosario","Amed","R","R","CLE","SS"
"515","rosae001","Rosario","Eddie","L","R","CLE","OF"
"516","sandn001","Sandlin","Nick","R","R","CLE","P"
"517","shawb001","Shaw","Bryan","B","R","CLE","P"
"518","stept002","Stephan","Trevor","R","R","CLE","P"
"519","stram002","Straw","Myles","R","R","CLE","OF"
"520","wittn001","Wittgren","Nick","R","R","CLE","P"
"521","youna002","Young","Alex","L","L","CLE","P"
"522","zimmb001","Zimmer","Bradley","L","R","CLE","OF"
"523","adamm002","Adams","Matt","L","R","COL","1B"
"524","almoy001","Almonte","Yency","R","R","COL","P"
"525","bardd001","Bard","Daniel","R","R","COL","P"
"526","blacc001","Blackmon","Charlie","L","L","COL","OF"
"527","bowdb001","Bowden","Ben","L","L","COL","P"
"528","castr005","Castellani","Ryan","R","R","COL","P"
"529","chacj001","Chacin","Jhoulys","R","R","COL","P"
"530","cronc002","Cron","C. J.","R","R","COL","1B"
"531","dazay001","Daza","Yonathan","R","R","COL","OF"
"532","diaze005","Diaz","Elias","R","R","COL","C"
"533","estec001","Estevez","Carlos","R","R","COL","P"
"534","feltr001","Feltner","Ryan","R","R","COL","P"
"535","fernj007","Fernandez","Julian","R","R","COL","P"
"536","freek001","Freeland","Kyle","L","L","COL","P"
"537","fuenj001","Fuentes","Joshua","R","R","COL","3B"
"538","gilbl001","Gilbreath","Lucas","L","L","COL","P"
"539","givem001","Givens","Mychal","R","R","COL","P"
"540","gomba001","Gomber","Austin","L","L","COL","P"
"541","gonzc002","Gonzalez","Chi Chi","R","R","COL","P"
"542","gouda001","Goudeau","Ashton","R","R","COL","P"
"543","grayj003","Gray","Jon","R","R","COL","P"
"544","hampg001","Hampson","Garrett","R","R","COL","SS"
"545","hills005","Hilliard","Sam","L","L","COL","OF"
"546","joe-c001","Joe","Connor","R","R","COL","3B"
"547","kinlt001","Kinley","Tyler","R","R","COL","P"
"548","lambp001","Lambert","Peter","R","R","COL","P"
"549","lawrj002","Lawrence","Justin","R","R","COL","P"
"550","marqg001","Marquez","German","R","R","COL","P"
"551","mcmar001","McMahon","Ryan","L","R","COL","3B"
"552","mottt001","Motter","Taylor","R","R","COL","OF"
"553","nuned001","Nunez","Dom","L","R","COL","C"
"554","owinc001","Owings","Chris","R","R","COL","2B"
"555","rodgb002","Rodgers","Brendan","R","R","COL","SS"
"556","rossz001","Rosscup","Zac","R","L","COL","P"
"557","ruizr002","Ruiz","Rio","L","R","COL","3B"
"558","santa004","Santos","Antonio","R","R","COL","P"
"559","senza001","Senzatela","Antonio","R","R","COL","P"
"560","shefj002","Sheffield","Jordan","R","R","COL","P"
"561","stepr002","Stephenson","Robert","R","R","COL","P"
"562","stort001","Story","Trevor","R","R","COL","SS"
"563","tapir001","Tapia","Raimel","L","L","COL","OF"
"564","tinoj001","Tinoco","Jesus","R","R","COL","P"
"565","treja001","Trejo","Alan","R","R","COL","SS"
"566","vilar001","Vilade","Ryan","R","R","COL","OF"
"567","welkc001","Welker","Colton","R","R","COL","3B"
"568","alext001","Alexander","Tyler","R","L","DET","P"
"569","badda001","Baddoo","Akil","L","L","DET","OF"
"570","boydm001","Boyd","Matt","L","L","DET","P"
"571","burrb002","Burrows","Beau","R","R","DET","P"
"572","cabrm001","Cabrera","Miguel","R","R","DET","1B"
"573","camed001","Cameron","Daz","R","R","DET","OF"
"574","candj002","Candelario","Jeimer","B","R","DET","3B"
"575","carld003","Carlton","Drew","R","R","DET","P"
"576","casth001","Castro","Harold","L","R","DET","3B"
"577","castw003","Castro","Willi","B","R","DET","SS"
"578","cisnj001","Cisnero","Jose","R","R","DET","P"
"579","delpm001","Del Pozo","Miguel","L","L","DET","P"
"580","farmb001","Farmer","Buck","L","R","DET","P"
"581","folej001","Foley","Jason","R","R","DET","P"
"582","fulmm001","Fulmer","Michael","R","R","DET","P"
"583","funkk001","Funkhouser","Kyle","R","R","DET","P"
"584","garcb001","Garcia","Bryan","R","R","DET","P"
"585","garcr007","Garcia","Rony","R","R","DET","P"
"586","garnd001","Garneau","Dustin","R","R","DET","C"
"587","goodn002","Goodrum","Niko","B","R","DET","OF"
"588","greig001","Greiner","Grayson","R","R","DET","C"
"589","grosr001","Grossman","Robbie","B","L","DET","OF"
"590","haase001","Haase","Eric","R","R","DET","C"
"591","hilld002","Hill","Derek","R","R","DET","OF"
"592","holld003","Holland","Derek","B","L","DET","P"
"593","hutcd001","Hutchison","Drew","L","R","DET","P"
"594","jimej003","Jimenez","Joe","R","R","DET","P"
"595","jonej006","Jones","JaCoby","R","R","DET","3B"
"596","kroli001","Krol","Ian","L","L","DET","P"
"597","langa001","Lange","Alex","R","R","DET","P"
"598","mannm001","Manning","Matt","R","R","DET","P"
"599","mazan001","Mazara","Nomar","L","L","DET","OF"
"600","mizec001","Mize","Casey","R","R","DET","P"
"601","norrd002","Norris","Daniel","L","L","DET","P"
"602","nuner001","Nunez","Renato","R","R","DET","3B"
"603","parei001","Paredes","Isaac","R","R","DET","3B"
"604","peraw001","Peralta","Wily","R","R","DET","P"
"605","ramie004","Ramirez","Erasmo","R","R","DET","P"
"606","ramow001","Ramos","Wilson","R","R","DET","C"
"607","reyev001","Reyes","Victor","B","R","DET","OF"
"608","robsj001","Robson","Jacob","L","R","DET","OF"
"609","rogej004","Rogers","Jake","R","R","DET","C"
"610","schoj001","Schoop","Jonathan","R","R","DET","2B"
"611","shorz001","Short","Zack","R","R","DET","SS"
"612","skubt001","Skubal","Tarik","R","L","DET","P"
"613","sotog003","Soto","Gregory","L","L","DET","P"
"614","tehej001","Teheran","Julio","R","R","DET","P"
"615","turns003","Turnbull","Spencer","R","R","DET","P"
"616","urenj001","Urena","Jose","R","R","DET","P"
"617","abreb002","Abreu","Bryan","R","R","HOU","P"
"618","altuj001","Altuve","Jose","R","R","HOU","2B"
"619","alvay001","Alvarez","Yordan","L","R","HOU","1B"
"620","baezp001","Baez","Pedro","R","R","HOU","P"
"621","bielb001","Bielak","Brandon","L","R","HOU","P"
"622","branm003","Brantley","Michael","L","L","HOU","OF"
"623","brega001","Bregman","Alex","R","R","HOU","SS"
"624","castj006","Castro","Jason","L","R","HOU","C"
"625","corrc001","Correa","Carlos","R","R","HOU","SS"
"626","dawsr001","Dawson","Ronnie","L","R","HOU","OF"
"627","degoa001","De Goti","Alex","R","R","HOU","SS"
"628","diaza003","Diaz","Aledmys","R","R","HOU","SS"
"629","emank001","Emanuel","Kent","L","L","HOU","P"
"630","garcl007","Garcia","Luis","R","R","HOU","P"
"631","garcr005","Garcia","Robel","B","R","HOU","2B"
"632","garcy001","Garcia","Yimi","R","R","HOU","P"
"633","garzr001","Garza","Ralph","R","R","HOU","P"
"634","gonzm002","Gonzalez","Marwin","B","R","HOU","1B"
"635","gravk001","Graveman","Kendall","R","R","HOU","P"
"636","greiz001","Greinke","Zack","R","R","HOU","P"
"637","gurry001","Gurriel","Yuli","R","R","HOU","3B"
"638","hartr001","Hartman","Ryan","L","L","HOU","P"
"639","iveyt001","Ivey","Tyler","R","R","HOU","P"
"640","jamej002","James","Josh","R","R","HOU","P"
"641","javic001","Javier","Cristian","R","R","HOU","P"
"642","jonet005","Jones","Taylor","R","R","HOU","1B"
"643","maldm001","Maldonado","Martin","R","R","HOU","C"
"644","marts003","Martinez","Seth","R","R","HOU","P"
"645","matop002","Maton","Phil","R","R","HOU","P"
"646","mccoc001","McCormick","Chas","R","L","HOU","OF"
"647","mccul002","McCullers","Lance","L","R","HOU","P"
"648","meyej002","Meyers","Jake","R","L","HOU","OF"
"649","montr004","Montero","Rafael","R","R","HOU","P"
"650","odorj001","Odorizzi","Jake","R","R","HOU","P"
"651","paree003","Paredes","Enoli","R","R","HOU","P"
"652","presr001","Pressly","Ryan","R","R","HOU","P"
"653","pruia001","Pruitt","Austin","R","R","HOU","P"
"654","raleb001","Raley","Brooks","L","L","HOU","P"
"655","rodrn002","Rodriguez","Nivaldo","R","R","HOU","P"
"656","scrua001","Scrubb","Andre","R","R","HOU","P"
"657","sirij001","Siri","Jose","R","R","HOU","OF"
"658","smitj002","Smith","Joe","R","R","HOU","P"
"659","solop001","Solomon","Peter","R","R","HOU","P"
"660","stanr002","Stanek","Ryne","R","R","HOU","P"
"661","stram002","Straw","Myles","R","R","HOU","OF"
"662","stubg001","Stubbs","Garrett","L","R","HOU","C"
"663","taylb004","Taylor","Blake","L","L","HOU","P"
"664","toroa001","Toro","Abraham","B","R","HOU","3B"
"665","tuckk001","Tucker","Kyle","L","R","HOU","OF"
"666","urquj001","Urquidy","Jose","R","R","HOU","P"
"667","valdf001","Valdez","Framber","R","L","HOU","P"
"668","wilsj005","Wilson","Jacob","R","R","OAK","3B"
"669","albeh001","Alberto","Hanser","R","R","KCA","2B"
"670","barls001","Barlow","Scott","R","R","KCA","P"
"671","benia002","Benintendi","Andrew","L","L","KCA","OF"
"672","blews001","Blewett","Scott","R","R","KCA","P"
"673","bolar001","Bolanos","Ronald","R","R","KCA","P"
"674","brenj001","Brentz","Jake","L","L","KCA","P"
"675","bubik001","Bubic","Kris","L","L","KCA","P"
"676","coled003","Coleman","Dylan","R","R","KCA","P"
"677","daviw001","Davis","Wade","R","R","KCA","P"
"678","dozih001","Dozier","Hunter","R","R","KCA","OF"
"679","duffd001","Duffy","Danny","L","L","KCA","P"
"680","dysoj001","Dyson","Jarrod","L","R","KCA","OF"
"681","gallc001","Gallagher","Cam","R","R","KCA","C"
"682","gutik001","Gutierrez","Kelvin","R","R","KCA","3B"
"683","hahnj001","Hahn","Jesse","R","R","KCA","P"
"684","heasj001","Heasley","Jon","R","R","KCA","P"
"685","hernc006","Hernandez","Carlos","R","R","KCA","P"
"686","hollg001","Holland","Greg","R","R","KCA","P"
"687","isbek001","Isbel","Kyle","L","R","KCA","OF"
"688","junij001","Junis","Jakob","R","R","KCA","P"
"689","kellb003","Keller","Brad","R","R","KCA","P"
"690","kowaj001","Kowar","Jackson","R","R","KCA","P"
"691","lopen001","Lopez","Nicky","L","R","KCA","SS"
"692","lover001","Lovelady","Richard","L","L","KCA","P"
"693","lyncd001","Lynch","Daniel","L","L","KCA","P"
"694","mcbrr001","McBroom","Ryan","R","L","KCA","1B"
"695","merrw001","Merrifield","Whit","R","R","KCA","OF"
"696","minom001","Minor","Mike","R","L","KCA","P"
"697","mondr003","Mondesi","Adalberto","B","R","KCA","SS"
"698","newbj001","Newberry","Jake","R","R","KCA","P"
"699","ohear001","O'Hearn","Ryan","L","L","KCA","1B"
"700","olive001","Olivares","Edward","R","R","KCA","OF"
"701","payaj001","Payamps","Joel","R","R","KCA","P"
"702","peres002","Perez","Salvador","R","R","KCA","C"
"703","rivee001","Rivera","Emmanuel","R","R","KCA","3B"
"704","rives002","Rivero","Sebastian","R","R","KCA","C"
"705","santc002","Santana","Carlos","B","R","KCA","1B"
"706","sante001","Santana","Ervin","R","R","KCA","P"
"707","singb001","Singer","Brady","R","R","KCA","P"
"708","solej001","Soler","Jorge","R","R","KCA","OF"
"709","speig001","Speier","Gabe","L","L","KCA","P"
"710","stauj001","Staumont","Josh","R","R","KCA","P"
"711","swara001","Swarzak","Anthony","R","R","KCA","P"
"712","tapid001","Tapia","Domingo","R","R","KCA","P"
"713","taylm002","Taylor","Michael","R","R","KCA","OF"
"714","zerpa001","Zerpa","Angel","L","L","KCA","P"
"715","zimmk001","Zimmer","Kyle","R","R","KCA","P"
"716","zubet001","Zuber","Tyler","R","R","KCA","P"
"717","alexs001","Alexander","Scott","L","L","LAN","P"
"718","barna001","Barnes","Austin","R","R","LAN","C"
"719","bauet001","Bauer","Trevor","R","R","LAN","P"
"720","beatm001","Beaty","Matt","L","R","LAN","1B"
"721","bellc002","Bellinger","Cody","L","L","LAN","1B"
"722","bettm001","Betts","Mookie","R","R","LAN","OF"
"723","bickp001","Bickford","Phil","R","R","LAN","P"
"724","bruij001","Bruihl","Justin","L","L","LAN","P"
"725","buehw001","Buehler","Walker","R","R","LAN","P"
"726","burna003","Burns","Andy","R","R","LAN","3B"
"727","cleag001","Cleavinger","Garrett","R","L","LAN","P"
"728","felin001","Feliz","Neftali","R","R","LAN","P"
"729","gonst001","Gonsolin","Tony","R","R","LAN","P"
"730","gonzv001","Gonzalez","Victor","L","L","LAN","P"
"731","gratb002","Graterol","Brusdar","R","R","LAN","P"
"732","grayj004","Gray","Josiah","R","R","LAN","P"
"733","greec004","Greene","Conner","R","R","LAN","P"
"734","grees005","Greene","Shane","R","R","LAN","P"
"735","jacka003","Jackson","Andre","R","R","LAN","P"
"736","jansk001","Jansen","Kenley","B","R","LAN","P"
"737","jonen001","Jones","Nate","R","R","LAN","P"
"738","kellj001","Kelly","Joe","R","R","LAN","P"
"739","kersc001","Kershaw","Clayton","L","L","LAN","P"
"740","kickm001","Kickham","Mike","L","L","LAN","P"
"741","knebc001","Knebel","Corey","R","R","LAN","P"
"742","lux-g001","Lux","Gavin","L","R","LAN","2B"
"743","may-d003","May","Dustin","R","R","LAN","P"
"744","mckib001","McKinney","Billy","L","L","LAN","OF"
"745","mckiz001","McKinstry","Zach","L","R","LAN","2B"
"746","muncm001","Muncy","Max","L","R","LAN","1B"
"747","nelsj004","Nelson","Jimmy","R","R","LAN","P"
"748","neuss001","Neuse","Sheldon","R","R","LAN","3B"
"749","nuned002","Nunez","Darien","L","L","LAN","P"
"750","peted004","Peters","DJ","R","R","LAN","OF"
"751","phile001","Phillips","Evan","R","R","LAN","P"
"752","polla001","Pollock","AJ","R","R","LAN","OF"
"753","pricd001","Price","David","L","L","LAN","P"
"754","pujoa001","Pujols","Albert","R","R","LAN","1B"
"755","quack001","Quackenbush","Kevin","R","R","LAN","P"
"756","ralel001","Raley","Luke","L","R","LAN","OF"
"757","ramiy001","Ramirez","Yefry","R","R","LAN","P"
"758","reedj005","Reed","Jake","R","R","LAN","P"
"759","reksz001","Reks","Zach","L","R","LAN","OF"
"760","riose001","Rios","Edwin","L","R","LAN","3B"
"761","ruizk001","Ruiz","Keibert","B","R","LAN","C"
"762","santd003","Santana","Dennis","R","R","LAN","P"
"763","schem001","Scherzer","Max","R","R","LAN","P"
"764","seagc001","Seager","Corey","L","R","LAN","SS"
"765","sherj001","Sherfy","James","R","R","LAN","P"
"766","smitw003","Smith","Will","R","R","LAN","C"
"767","souzs001","Souza","Steven","R","R","LAN","OF"
"768","taylc001","Taylor","Chris","R","R","LAN","SS"
"769","treib001","Treinen","Blake","R","R","LAN","P"
"770","tsuty001","Tsutsugo","Yoshi","L","R","LAN","OF"
"771","turnj001","Turner","Justin","R","R","LAN","3B"
"772","turnt001","Turner","Trea","R","R","LAN","SS"
"773","ucete001","Uceta","Edwin","R","R","LAN","P"
"774","uriaj001","Urias","Julio","L","L","LAN","P"
"775","vasqa002","Vasquez","Andrew","L","L","LAN","P"
"776","vesia001","Vesia","Alex","L","L","LAN","P"
"777","whitm004","White","Mitch","R","R","LAN","P"
"778","aguij001","Aguilar","Jesus","R","R","MIA","1B"
"779","alcas001","Alcantara","Sandy","R","R","MIA","P"
"780","alfaj002","Alfaro","Jorge","R","R","MIA","C"
"781","alvae001","Alvarez","Eddy","B","R","MIA","SS"
"782","andeb006","Anderson","Brian","R","R","MIA","3B"
"783","bassa001","Bass","Anthony","R","R","MIA","P"
"784","bella001","Bellatti","Andrew","R","R","MIA","P"
"785","benda001","Bender","Anthony","R","R","MIA","P"
"786","bertj001","Berti","Jon","R","R","MIA","3B"
"787","bleir001","Bleier","Richard","L","L","MIA","P"
"788","brinl001","Brinson","Lewis","R","R","MIA","OF"
"789","cabre003","Cabrera","Edward","R","R","MIA","P"
"790","campp001","Campbell","Paul","L","R","MIA","P"
"791","castd003","Castano","Daniel","L","L","MIA","P"
"792","chisj001","Chisholm","Jazz","L","R","MIA","SS"
"793","cimba001","Cimber","Adam","R","R","MIA","P"
"794","coopg002","Cooper","Garrett","R","R","MIA","1B"
"795","curtj003","Curtiss","John","R","R","MIA","P"
"796","delab001","De La Cruz","Bryan","R","R","MIA","OF"
"797","detwr001","Detwiler","Ross","R","L","MIA","P"
"798","devej001","Devers","Jose","L","R","MIA","SS"
"799","diazi001","Diaz","Isan","L","R","MIA","2B"
"800","diazl001","Diaz","Lewin","L","L","MIA","1B"
"801","dickc002","Dickerson","Corey","L","R","MIA","OF"
"802","duvaa001","Duvall","Adam","R","R","MIA","OF"
"803","flord002","Floro","Dylan","L","R","MIA","P"
"804","fortn001","Fortes","Nick","R","R","MIA","C"
"805","garcy001","Garcia","Yimi","R","R","MIA","P"
"806","garrb001","Garrett","Braxton","R","L","MIA","P"
"807","guens001","Guenther","Sean","L","L","MIA","P"
"808","guilp001","Guilmet","Preston","R","R","MIA","P"
"809","guzmj006","Guzman","Jorge","R","R","MIA","P"
"810","harrm003","Harrison","Monte","R","R","MIA","OF"
"811","henrp001","Henry","Payton","R","R","MIA","C"
"812","herne002","Hernandez","Elieser","R","R","MIA","P"
"813","hessd001","Hess","David","R","R","MIA","P"
"814","hollj002","Holloway","Jordan","R","R","MIA","P"
"815","jacka002","Jackson","Alex","R","R","MIA","C"
"816","leons001","Leon","Sandy","B","R","MIA","C"
"817","lopep002","Lopez","Pablo","L","R","MIA","P"
"818","luzaj001","Luzardo","Jesus","L","L","MIA","P"
"819","madel001","Madero","Luis","R","R","MIA","P"
"820","marrd001","Marrero","Deven","R","R","MIA","3B"
"821","martl005","Marte","Luis","R","R","MIA","SS"
"822","marts002","Marte","Starling","R","R","MIA","OF"
"823","millb003","Miller","Brian","L","R","MIA","OF"
"824","mitcb001","Mitchell","Bryan","L","R","MIA","P"
"825","moris001","Morimando","Shawn","L","L","MIA","P"
"826","neidn001","Neidert","Nick","R","R","MIA","P"
"827","okers001","Okert","Steven","L","L","MIA","P"
"828","panij002","Panik","Joe","L","R","MIA","2B"
"829","pop-z001","Pop","Zach","R","R","MIA","P"
"830","potec001","Poteet","Cody","R","R","MIA","P"
"831","pruia001","Pruitt","Austin","R","R","MIA","P"
"832","roget003","Rogers","Trevor","L","L","MIA","P"
"833","rojam002","Rojas","Miguel","R","R","MIA","SS"
"834","sancj003","Sanchez","Jesus","L","R","MIA","OF"
"835","sierm002","Sierra","Magneuris","L","L","MIA","OF"
"836","thomz001","Thompson","Zach","R","R","MIA","P"
"837","wallc001","Wallach","Chad","R","R","MIA","C"
"838","willt003","Williams","Taylor","B","R","MIA","P"
"839","adamw002","Adames","Willy","R","R","MIL","SS"
"840","andeb004","Anderson","Brett","L","L","MIL","P"
"841","arcio002","Arcia","Orlando","R","R","MIL","SS"
"842","ashba003","Ashby","Aaron","R","L","MIL","P"
"843","axfoj001","Axford","John","R","R","MIL","P"
"844","betta001","Bettinger","Alec","R","R","MIL","P"
"845","bickp001","Bickford","Phil","R","R","MIL","P"
"846","boxbb001","Boxberger","Brad","R","R","MIL","P"
"847","bradj001","Bradley","Jackie","L","R","MIL","OF"
"848","burnc002","Burnes","Corbin","R","R","MIL","P"
"849","cainl001","Cain","Lorenzo","R","R","MIL","OF"
"850","cousj001","Cousins","Jake","R","R","MIL","P"
"851","curtj003","Curtiss","John","R","R","MIL","P"
"852","escoe001","Escobar","Eduardo","B","R","MIL","3B"
"853","felim002","Feliciano","Mario","R","R","MIL","C"
"854","feyej001","Feyereisen","J. P.","R","R","MIL","P"
"855","fishd001","Fisher","Derek","L","R","MIL","OF"
"856","garca003","Garcia","Avisail","R","R","MIL","OF"
"857","godlz001","Godley","Zack","R","R","MIL","P"
"858","gustj001","Gustave","Jandel","R","R","MIL","P"
"859","hadej001","Hader","Josh","L","L","MIL","P"
"860","hardb001","Hardy","Blaine","L","L","MIL","P"
"861","hiurk001","Hiura","Keston","R","R","MIL","2B"
"862","housa001","Houser","Adrian","R","R","MIL","P"
"863","lauee001","Lauer","Eric","R","L","MIL","P"
"864","lindj004","Lindblom","Josh","R","R","MIL","P"
"865","lopet001","Lopes","Tim","R","R","MIL","2B"
"866","maill001","Maile","Luke","R","R","MIL","C"
"867","mckib001","McKinney","Billy","L","L","MIL","OF"
"868","milnh001","Milner","Hoby","L","L","MIL","P"
"869","narvo001","Narvaez","Omar","L","R","MIL","C"
"870","norrd002","Norris","Daniel","L","L","MIL","P"
"871","nottj001","Nottingham","Jacob","R","R","MIL","C"
"872","peraf001","Peralta","Freddy","R","R","MIL","P"
"873","perda001","Perdomo","Angel","L","L","MIL","P"
"874","petej002","Peterson","Jace","L","R","MIL","2B"
"875","pinam001","Pina","Manny","R","R","MIL","C"
"876","rasmd002","Rasmussen","Drew","R","R","MIL","P"
"877","ray-c002","Ray","Corey","L","L","MIL","OF"
"878","rea-c001","Rea","Colin","R","R","MIL","P"
"879","reyep001","Reyes","Pablo","R","R","MIL","OF"
"880","richt001","Richards","Trevor","R","R","MIL","P"
"881","robed004","Robertson","Daniel","R","R","MIL","SS"
"882","romas001","Romano","Sal","L","R","MIL","P"
"883","sancm001","Sanchez","Miguel","R","R","MIL","P"
"884","shawt001","Shaw","Travis","L","R","MIL","1B"
"885","strih001","Strickland","Hunter","R","R","MIL","P"
"886","suteb001","Suter","Brent","L","L","MIL","P"
"887","taylt002","Taylor","Tyrone","R","R","MIL","OF"
"888","tellr001","Tellez","Rowdy","L","L","MIL","1B"
"889","topaj001","Topa","Justin","R","R","MIL","P"
"890","urial001","Urias","Luis","R","R","MIL","2B"
"891","voged001","Vogelbach","Dan","L","R","MIL","1B"
"892","weber001","Weber","Ryan","R","R","MIL","P"
"893","weigp001","Weigel","Patrick","R","R","MIL","P"
"894","willd004","Williams","Devin","R","R","MIL","P"
"895","wongk001","Wong","Kolten","L","R","MIL","2B"
"896","woodb005","Woodruff","Brandon","L","R","MIL","P"
"897","yarde001","Yardley","Eric","R","R","MIL","P"
"898","yelic001","Yelich","Christian","L","R","MIL","OF"
"899","zimmj003","Zimmermann","Jordan","R","R","MIL","P"
"900","albea001","Albers","Andrew","R","L","MIN","P"
"901","alcaj001","Alcala","Jorge","R","R","MIN","P"
"902","andes002","Anderson","Shaun","R","R","MIN","P"
"903","arral001","Arraez","Luis","L","R","MIN","2B"
"904","astuw001","Astudillo","Willians","R","R","MIN","C"
"905","barnc002","Barnes","Charlie","L","L","MIN","P"
"906","barrk002","Barraclough","Kyle","R","R","MIN","P"
"907","berrj001","Berrios","Jose","R","R","MIN","P"
"908","blant002","Blankenhorn","Travis","L","R","MIN","2B"
"909","burrb002","Burrows","Beau","R","R","MIN","P"
"910","buxtb001","Buxton","Byron","R","R","MIN","OF"
"911","cavej001","Cave","Jake","L","L","MIN","OF"
"912","celeg001","Celestino","Gilberto","R","L","MIN","OF"
"913","coloa001","Colome","Alex","R","R","MIN","P"
"914","could001","Coulombe","Daniel","L","L","MIN","P"
"915","cruzn002","Cruz","Nelson","R","R","MIN","OF"
"916","dobnr001","Dobnak","Randy","R","R","MIN","P"
"917","donaj001","Donaldson","Josh","R","R","MIN","3B"
"918","dufft001","Duffey","Tyler","R","R","MIN","P"
"919","farrl001","Farrell","Luke","L","R","MIN","P"
"920","gantj002","Gant","John","R","R","MIN","P"
"921","garce001","Garcia","Edgar","R","R","MIN","P"
"922","garlk001","Garlick","Kyle","R","R","MIN","OF"
"923","garvm001","Garver","Mitch","R","R","MIN","C"
"924","garzr001","Garza","Ralph","R","R","MIN","P"
"925","gibai001","Gibaut","Ian","R","R","MIN","P"
"926","gordn001","Gordon","Nick","L","R","MIN","2B"
"927","happj001","Happ","J. A.","L","L","MIN","P"
"928","jax-g001","Jax","Griffin","R","R","MIN","P"
"929","jeffr002","Jeffers","Ryan","R","R","MIN","C"
"930","keplm001","Kepler","Max","L","L","MIN","OF"
"931","kiria001","Kirilloff","Alex","L","L","MIN","OF"
"932","larnt001","Larnach","Trevor","L","R","MIN","OF"
"933","law-d001","Law","Derek","R","R","MIN","P"
"934","lin-t001","Lin","Tzu-Wei","L","R","MIN","SS"
"935","maedk001","Maeda","Kenta","R","R","MIN","P"
"936","minaj001","Minaya","Juan","R","R","MIN","P"
"937","moraj003","Moran","Jovani","L","L","MIN","P"
"938","oberb002","Ober","Bailey","R","R","MIN","P"
"939","pinem001","Pineda","Michael","R","R","MIN","P"
"940","polaj001","Polanco","Jorge","B","R","MIN","SS"
"941","refsr001","Refsnyder","Rob","R","R","MIN","2B"
"942","riddj001","Riddle","JT","L","R","MIN","SS"
"943","roblh001","Robles","Hansel","R","R","MIN","P"
"944","roget001","Rogers","Taylor","L","L","MIN","P"
"945","rookb001","Rooker","Brent","R","R","MIN","OF"
"946","rortb001","Rortvedt","Ben","L","R","MIN","C"
"947","ryanj002","Ryan","Joe","R","R","MIN","P"
"948","sanom001","Sano","Miguel","R","R","MIN","1B"
"949","shoem001","Shoemaker","Matt","R","R","MIN","P"
"950","simma001","Simmons","Andrelton","R","R","MIN","SS"
"951","smeld001","Smeltzer","Devin","R","L","MIN","P"
"952","stasc001","Stashak","Cody","R","R","MIN","P"
"953","thiec001","Thielbar","Caleb","R","L","MIN","P"
"954","thorl002","Thorpe","Lewis","R","L","MIN","P"
"955","vincn001","Vincent","Nick","R","R","MIN","P"
"956","waddb001","Waddell","Brandon","L","L","MIN","P"
"957","abrea001","Abreu","Albert","R","R","NYA","P"
"958","alleg002","Allen","Greg","B","R","NYA","OF"
"959","ambut001","Amburgey","Trey","R","R","NYA","OF"
"960","andum001","Andujar","Miguel","R","R","NYA","3B"
"961","branr002","Brantly","Rob","L","R","NYA","C"
"962","britz001","Britton","Zach","L","L","NYA","P"
"963","brucj001","Bruce","Jay","L","L","NYA","OF"
"964","cessl001","Cessa","Luis","R","R","NYA","P"
"965","chapa001","Chapman","Aroldis","L","L","NYA","P"
"966","coleg001","Cole","Gerrit","R","R","NYA","P"
"967","cortn001","Cortes","Nestor","R","L","NYA","P"
"968","davij007","Davis","Jonathan","R","R","NYA","OF"
"969","flore001","Florial","Estevan","L","R","NYA","OF"
"970","fordm002","Ford","Mike","L","R","NYA","1B"
"971","frazc001","Frazier","Clint","R","R","NYA","OF"
"972","gallj002","Gallo","Joey","L","R","NYA","OF"
"973","garcd003","Garcia","Deivi","R","R","NYA","P"
"974","gardb001","Gardner","Brett","L","L","NYA","OF"
"975","germd001","German","Domingo","R","R","NYA","P"
"976","gil-l001","Gil","Luis","R","R","NYA","P"
"977","gittc001","Gittens","Chris","R","R","NYA","1B"
"978","greec003","Green","Chad","L","R","NYA","P"
"979","heana001","Heaney","Andrew","L","L","NYA","P"
"980","hicka001","Hicks","Aaron","B","R","NYA","OF"
"981","higak001","Higashioka","Kyle","R","R","NYA","C"
"982","holmc001","Holmes","Clay","R","R","NYA","P"
"983","judga001","Judge","Aaron","R","R","NYA","OF"
"984","kingm002","King","Mike","R","R","NYA","P"
"985","klubc001","Kluber","Corey","R","R","NYA","P"
"986","koerb001","Koerner","Brody","R","R","NYA","P"
"987","krisb001","Kriske","Brooks","R","R","NYA","P"
"988","lamar001","LaMarre","Ryan","R","L","NYA","OF"
"989","lemad001","LeMahieu","DJ","R","R","NYA","2B"
"990","loaij001","Loaisiga","Jonathan","R","R","NYA","P"
"991","locat001","Locastro","Tim","R","R","NYA","2B"
"992","luetl001","Luetge","Lucas","L","L","NYA","P"
"993","montj004","Montgomery","Jordan","L","L","NYA","P"
"994","nelsn001","Nelson","Nick","R","R","NYA","P"
"995","odayd001","O'Day","Darren","R","R","NYA","P"
"996","odorr001","Odor","Rougned","L","R","NYA","2B"
"997","parkh001","Park","Hoy Jun","L","R","NYA","OF"
"998","peraw002","Peralta","Wandy","L","L","NYA","P"
"999","ridis001","Ridings","Stephen","R","R","NYA","P"
"1000","rizza001","Rizzo","Anthony","L","L","NYA","1B"
"1001","rodrj004","Rodriguez","Joely","L","L","NYA","P"
"1002","romas001","Romano","Sal","L","R","NYA","P"
"1003","sancg002","Sanchez","Gary","R","R","NYA","C"
"1004","schmc002","Schmidt","Clarke","R","R","NYA","P"
"1005","sevel001","Severino","Luis","R","R","NYA","P"
"1006","stanm004","Stanton","Giancarlo","R","R","NYA","OF"
"1007","tailj001","Taillon","Jameson","R","R","NYA","P"
"1008","taucm001","Tauchman","Mike","L","L","NYA","OF"
"1009","torrg001","Torres","Gleyber","R","R","NYA","2B"
"1010","urshg001","Urshela","Gio","R","R","NYA","3B"
"1011","velaa001","Velazquez","Andrew","B","R","NYA","SS"
"1012","voitl001","Voit","Luke","R","R","NYA","1B"
"1013","wadet002","Wade","Tyler","L","R","NYA","SS"
"1014","wilsj004","Wilson","Justin","L","L","NYA","P"
"1015","wojca001","Wojciechowski","Asher","R","R","NYA","P"
"1016","almoa002","Almora","Albert","R","R","NYN","OF"
"1017","alonp001","Alonso","Pete","R","R","NYN","1B"
"1018","baezj001","Baez","Javier","R","R","NYN","SS"
"1019","banda001","Banda","Anthony","L","L","NYN","P"
"1020","barnj002","Barnes","Jacob","R","R","NYN","P"
"1021","betad001","Betances","Dellin","R","R","NYN","P"
"1022","blant002","Blankenhorn","Travis","L","R","NYN","2B"
"1023","bosta001","Bostick","Akeem","R","R","NYN","P"
"1024","carrc003","Carrasco","Carlos","R","R","NYN","P"
"1025","castm002","Castro","Miguel","R","R","NYN","P"
"1026","confm001","Conforto","Michael","L","R","NYN","OF"
"1027","davij006","Davis","J.D.","R","R","NYN","3B"
"1028","degrj001","deGrom","Jacob","L","R","NYN","P"
"1029","diaze006","Diaz","Edwin","R","R","NYN","P"
"1030","diazy002","Diaz","Yennsy","R","R","NYN","P"
"1031","drurb001","Drury","Brandon","R","R","NYN","3B"
"1032","eickj001","Eickhoff","Jerad","R","R","NYN","P"
"1033","famij001","Familia","Jeurys","R","R","NYN","P"
"1034","fargj001","Fargas","Johneshwy","R","R","NYN","OF"
"1035","gselr001","Gsellman","Robert","R","R","NYN","P"
"1036","guill001","Guillorme","Luis","L","R","NYN","SS"
"1037","hagej001","Hager","Jake","R","R","NYN","2B"
"1038","handb001","Hand","Brad","L","L","NYN","P"
"1039","hartg001","Hartlieb","Geoff","R","R","NYN","P"
"1040","hembh001","Hembree","Heath","R","R","NYN","P"
"1041","hildt001","Hildenberger","Trevor","R","R","NYN","P"
"1042","hillr001","Hill","Rich","L","L","NYN","P"
"1043","huntt002","Hunter","Tommy","R","R","NYN","P"
"1044","lee-k001","Lee","Khalil","L","L","NYN","OF"
"1045","lindf001","Lindor","Francisco","B","R","NYN","SS"
"1046","loupa001","Loup","Aaron","L","L","NYN","P"
"1047","luccj001","Lucchesi","Joey","L","L","NYN","P"
"1048","lugos001","Lugo","Seth","R","R","NYN","P"
"1049","may-t001","May","Trevor","R","R","NYN","P"
"1050","maybc001","Maybin","Cameron","R","R","NYN","OF"
"1051","mazep001","Mazeika","Patrick","L","R","NYN","C"
"1052","mccaj001","McCann","James","R","R","NYN","C"
"1053","mckib001","McKinney","Billy","L","L","NYN","OF"
"1054","mcnej002","McNeil","Jeff","L","R","NYN","2B"
"1055","megit002","Megill","Tylor","R","R","NYN","P"
"1056","nidot001","Nido","Tomas","R","R","NYN","C"
"1057","nimmb001","Nimmo","Brandon","L","R","NYN","OF"
"1058","nogos001","Nogosek","Stephen","R","R","NYN","P"
"1059","oswac001","Oswalt","Corey","R","R","NYN","P"
"1060","peraj003","Peraza","Jose","R","R","NYN","2B"
"1061","peted003","Peterson","David","L","L","NYN","P"
"1062","pillk001","Pillar","Kevin","R","R","NYN","OF"
"1063","reedj005","Reed","Jake","R","R","NYN","P"
"1064","reids001","Reid-Foley","Sean","R","R","NYN","P"
"1065","siscc001","Sisco","Chance","L","R","NYN","C"
"1066","smitd008","Smith","Dominic","L","L","NYN","1B"
"1067","smitd009","Smith","Drew","R","R","NYN","P"
"1068","stocr001","Stock","Robert","L","R","NYN","P"
"1069","strom001","Stroman","Marcus","R","R","NYN","P"
"1070","syndn001","Syndergaard","Noah","L","R","NYN","P"
"1071","szapt001","Szapucki","Thomas","R","L","NYN","P"
"1072","tarps001","Tarpley","Stephen","R","L","NYN","P"
"1073","tovaw001","Tovar","Wilfredo","R","R","NYN","SS"
"1074","tropn001","Tropeano","Nick","R","R","NYN","P"
"1075","villj001","Villar","Jonathan","B","R","NYN","SS"
"1076","walkt004","Walker","Taijuan","R","R","NYN","P"
"1077","willm007","Williams","Mason","L","R","NYN","OF"
"1078","willt002","Williams","Trevor","R","R","NYN","P"
"1079","yamaj001","Yamamoto","Jordan","R","R","NYN","P"
"1080","acevd001","Acevedo","Domingo","R","R","OAK","P"
"1081","allea001","Allen","Austin","L","R","OAK","C"
"1082","andre001","Andrus","Elvis","R","R","OAK","SS"
"1083","barrl001","Barrera","Luis","L","L","OAK","OF"
"1084","bassc001","Bassitt","Chris","R","R","OAK","P"
"1085","bedrc001","Bedrosian","Cam","R","R","OAK","P"
"1086","blacp001","Blackburn","Paul","R","R","OAK","P"
"1087","bolts001","Bolt","Skye","B","R","OAK","OF"
"1088","brows003","Brown","Seth","L","L","OAK","1B"
"1089","canhm001","Canha","Mark","R","R","OAK","1B"
"1090","chafa001","Chafin","Andrew","R","L","OAK","P"
"1091","chapm001","Chapman","Matt","R","R","OAK","3B"
"1092","davik003","Davis","Khris","R","R","OAK","OF"
"1093","diekj001","Diekman","Jake","R","L","OAK","P"
"1094","felim001","Feliz","Michael","R","R","OAK","P"
"1095","fierm001","Fiers","Mike","R","R","OAK","P"
"1096","garca006","Garcia","Aramis","R","R","OAK","C"
"1097","gomey001","Gomes","Yan","R","R","OAK","C"
"1098","gudur001","Guduan","Reymin","L","L","OAK","P"
"1099","guerd001","Guerra","Deolis","R","R","OAK","P"
"1100","harrj002","Harrison","Josh","R","R","OAK","2B"
"1101","irvic001","Irvin","Cole","L","L","OAK","P"
"1102","jeffd001","Jefferies","Daulton","L","R","OAK","P"
"1103","kaprj001","Kaprielian","James","R","R","OAK","P"
"1104","kempt001","Kemp","Tony","L","R","OAK","OF"
"1105","kolaa001","Kolarek","Adam","L","L","OAK","P"
"1106","kozmp001","Kozma","Pete","R","R","OAK","SS"
"1107","laurr001","Laureano","Ramon","R","R","OAK","OF"
"1108","lowrj001","Lowrie","Jed","B","R","OAK","3B"
"1109","luzaj001","Luzardo","Jesus","L","L","OAK","P"
"1110","machv001","Machin","Vimael","L","R","OAK","2B"
"1111","manas001","Manaea","Sean","R","L","OAK","P"
"1112","marts002","Marte","Starling","R","R","OAK","OF"
"1113","molls001","Moll","Sam","L","L","OAK","P"
"1114","montf001","Montas","Frankie","R","R","OAK","P"
"1115","morem001","Moreland","Mitch","L","L","OAK","1B"
"1116","murps001","Murphy","Sean","R","R","OAK","C"
"1117","olsom001","Olson","Matt","L","R","OAK","OF"
"1118","petiy001","Petit","Yusmeiro","R","R","OAK","P"
"1119","pindc001","Pinder","Chad","R","R","OAK","SS"
"1120","piscs001","Piscotty","Stephen","R","R","OAK","OF"
"1121","puk-a001","Puk","A. J.","L","L","OAK","P"
"1122","romos001","Romo","Sergio","R","R","OAK","P"
"1123","schwf001","Schwindel","Frank","R","R","OAK","1B"
"1124","smitb005","Smith","Burch","R","R","OAK","P"
"1125","tom-k001","Tom","Ka'ai","L","R","OAK","OF"
"1126","trivl001","Trivino","Lou","R","R","OAK","P"
"1127","weemj001","Weems","Jordan","L","R","OAK","P"
"1128","wendj001","Wendelken","J. B.","R","R","OAK","P"
"1129","wilsj005","Wilson","Jacob","R","R","OAK","3B"
"1130","alvaj004","Alvarado","Jose","L","L","PHI","P"
"1131","andec001","Anderson","Chase","R","R","PHI","P"
"1132","bedrc001","Bedrosian","Cam","R","R","PHI","P"
"1133","bohma001","Bohm","Alec","R","R","PHI","3B"
"1134","bonij002","Bonifacio","Jorge","R","R","PHI","OF"
"1135","brada001","Bradley","Archie","R","R","PHI","P"
"1136","brogc001","Brogdon","Connor","R","R","PHI","P"
"1137","coons001","Coonrod","Sam","R","R","PHI","P"
"1138","crouh001","Crouse","Hans","L","R","PHI","P"
"1139","deloe001","De Los Santos","Enyel","R","R","PHI","P"
"1140","dohyk001","Dohy","Kyle","L","L","PHI","P"
"1141","domis001","Dominguez","Seranthony","R","R","PHI","P"
"1142","efliz001","Eflin","Zach","R","R","PHI","P"
"1143","faltb001","Falter","Bailey","R","L","PHI","P"
"1144","felin001","Feliz","Neftali","R","R","PHI","P"
"1145","galvf001","Galvis","Freddy","B","R","PHI","SS"
"1146","gibsk002","Gibson","Kyle","R","R","PHI","P"
"1147","gregd001","Gregorius","Didi","L","R","PHI","SS"
"1148","haled001","Hale","David","R","R","PHI","P"
"1149","hammj003","Hammer","JD","R","R","PHI","P"
"1150","harpb003","Harper","Bryce","L","R","PHI","OF"
"1151","hasea001","Haseley","Adam","L","L","PHI","OF"
"1152","herro001","Herrera","Odubel","L","R","PHI","OF"
"1153","hoskr001","Hoskins","Rhys","R","R","PHI","1B"
"1154","howas003","Howard","Spencer","R","R","PHI","P"
"1155","jankt001","Jankowski","Travis","L","R","PHI","OF"
"1156","joned003","Jones","Damon","L","L","PHI","P"
"1157","joycm001","Joyce","Matt","L","R","PHI","OF"
"1158","kenni001","Kennedy","Ian","R","R","PHI","P"
"1159","kings001","Kingery","Scott","R","R","PHI","2B"
"1160","kintb001","Kintzler","Brandon","R","R","PHI","P"
"1161","knapa001","Knapp","Andrew","B","R","PHI","C"
"1162","llovm001","Llovera","Mauricio","R","R","PHI","P"
"1163","marcr001","Marchan","Rafael","B","R","PHI","C"
"1164","maton001","Maton","Nick","L","R","PHI","SS"
"1165","mccua001","McCutchen","Andrew","R","R","PHI","OF"
"1166","media001","Medina","Adonis","R","R","PHI","P"
"1167","millb002","Miller","Brad","L","R","PHI","SS"
"1168","monim001","Moniak","Mickey","L","R","PHI","OF"
"1169","moorm003","Moore","Matt","L","L","PHI","P"
"1170","nerih001","Neris","Hector","R","R","PHI","P"
"1171","nolaa001","Nola","Aaron","R","R","PHI","P"
"1172","pauld002","Paulino","David","R","R","PHI","P"
"1173","quinr003","Quinn","Roman","B","R","PHI","OF"
"1174","realj001","Realmuto","J. T.","R","R","PHI","C"
"1175","romej002","Romero","JoJo","L","L","PHI","P"
"1176","rossr003","Rosso","Ramon","R","R","PHI","P"
"1177","sancc002","Sanchez","Cristopher","L","L","PHI","P"
"1178","seguj002","Segura","Jean","R","R","PHI","SS"
"1179","suarr001","Suarez","Ranger","L","L","PHI","P"
"1180","torrr001","Torreyes","Ronald","R","R","PHI","2B"
"1181","velav001","Velasquez","Vince","R","R","PHI","P"
"1182","vierm001","Vierling","Matt","R","R","PHI","OF"
"1183","wheez001","Wheeler","Zack","L","R","PHI","P"
"1184","willl001","Williams","Luke","R","R","PHI","3B"
"1185","alfoa002","Alford","Anthony","R","R","PIT","OF"
"1186","andet002","Anderson","Tyler","L","L","PIT","P"
"1187","andet003","Anderson","Tanner","R","R","PIT","P"
"1188","banda001","Banda","Anthony","L","L","PIT","P"
"1189","bednd001","Bednar","David","L","R","PIT","P"
"1190","braus002","Brault","Steven","L","L","PIT","P"
"1191","brubj001","Brubaker","JT","R","R","PIT","P"
"1192","cahit001","Cahill","Trevor","R","R","PIT","P"
"1193","castr006","Castro","Rodolfo","B","R","PIT","2B"
"1194","chavm001","Chavis","Michael","R","R","PIT","3B"
"1195","contr001","Contreras","Roansy","R","R","PIT","P"
"1196","craiw001","Craig","Will","R","R","PIT","1B"
"1197","crick001","Crick","Kyle","L","R","PIT","P"
"1198","croww001","Crowe","Wil","R","R","PIT","P"
"1199","cruzo001","Cruz","Oneil","L","R","PIT","SS"
"1200","davia003","Davis","Austin","L","L","PIT","P"
"1201","davit004","Davis","Taylor","R","R","PIT","C"
"1202","dejoc001","De Jong","Chase","L","R","PIT","P"
"1203","deloe001","De Los Santos","Enyel","R","R","PIT","P"
"1204","difow001","Difo","Wilmer","B","R","PIT","2B"
"1205","evanp001","Evans","Phillip","R","R","PIT","3B"
"1206","felim001","Feliz","Michael","R","R","PIT","P"
"1207","fowld002","Fowler","Dustin","L","L","PIT","OF"
"1208","fraza001","Frazier","Adam","L","R","PIT","OF"
"1209","frazt001","Frazier","Todd","R","R","PIT","3B"
"1210","gameb001","Gamel","Ben","L","L","PIT","OF"
"1211","gonze004","Gonzalez","Erik","R","R","PIT","SS"
"1212","hartg001","Hartlieb","Geoff","R","R","PIT","P"
"1213","hayek001","Hayes","Ke'Bryan","R","R","PIT","3B"
"1214","holmc001","Holmes","Clay","R","R","PIT","P"
"1215","howas002","Howard","Sam","R","L","PIT","P"
"1216","kellk003","Keller","Kyle","R","R","PIT","P"
"1217","kellm003","Keller","Mitch","R","R","PIT","P"
"1218","kranm001","Kranick","Max","R","R","PIT","P"
"1219","kuhlc001","Kuhl","Chad","R","R","PIT","P"
"1220","mearn001","Mears","Nick","R","R","PIT","P"
"1221","mills001","Miller","Shelby","R","R","PIT","P"
"1222","morac001","Moran","Colin","L","R","PIT","3B"
"1223","newmk001","Newman","Kevin","R","R","PIT","2B"
"1224","nogoj001","Nogowski","John","R","L","PIT","1B"
"1225","olivj003","Oliva","Jared","R","R","PIT","OF"
"1226","overc001","Overton","Connor","L","R","PIT","P"
"1227","oviel001","Oviedo","Luis","R","R","PIT","P"
"1228","owenh003","Owen","Hunter","R","R","PIT","OF"
"1229","parkh001","Park","Hoy Jun","L","R","PIT","OF"
"1230","perem005","Perez","Michael","L","R","PIT","C"
"1231","peted001","Peters","Dillon","L","L","PIT","P"
"1232","polag001","Polanco","Gregory","L","L","PIT","OF"
"1233","poncc002","Ponce","Cody","R","R","PIT","P"
"1234","popps001","Poppen","Sean","R","R","PIT","P"
"1235","reynb001","Reynolds","Bryan","B","R","PIT","OF"
"1236","rodrr008","Rodriguez","Richard","R","R","PIT","P"
"1237","shrec001","Shreve","Chasen","L","L","PIT","P"
"1238","spits001","Spitzbarth","Shea","R","R","PIT","P"
"1239","stalj001","Stallings","Jacob","R","R","PIT","C"
"1240","stokt001","Stokes","Troy","R","R","PIT","OF"
"1241","strac001","Stratton","Chris","R","R","PIT","P"
"1242","tom-k001","Tom","Ka'ai","L","R","PIT","OF"
"1243","tsuty001","Tsutsugo","Yoshi","L","R","PIT","OF"
"1244","tuckc001","Tucker","Cole","B","R","PIT","SS"
"1245","unded001","Underwood","Duane","R","R","PIT","P"
"1246","vargi001","Vargas","Ildemaro","B","R","PIT","2B"
"1247","wilsb003","Wilson","Bryse","R","R","PIT","P"
"1248","yajum001","Yajure","Miguel","R","R","PIT","P"
"1249","adama002","Adams","Austin","R","R","SDN","P"
"1250","altad001","Altavilla","Dan","R","R","SDN","P"
"1251","andes002","Anderson","Shaun","R","R","SDN","P"
"1252","andrj001","Andreoli","John","R","R","SDN","P"
"1253","arrij001","Arrieta","Jake","R","R","SDN","P"
"1254","avilp001","Avila","Pedro","R","R","SDN","P"
"1255","camad001","Camarena","Daniel","L","L","SDN","P"
"1256","campl002","Campusano","Luis","R","R","SDN","C"
"1257","carav001","Caratini","Victor","B","R","SDN","C"
"1258","casti001","Castillo","Ivan","B","R","SDN","2B"
"1259","crisn001","Crismatt","Nabil","R","R","SDN","P"
"1260","cronj001","Cronenworth","Jake","L","R","SDN","SS"
"1261","darvy001","Darvish","Yu","R","R","SDN","P"
"1262","detwr001","Detwiler","Ross","R","L","SDN","P"
"1263","diazm004","Diaz","Miguel","R","R","SDN","P"
"1264","fraza001","Frazier","Adam","L","R","SDN","1B"
"1265","grist001","Grisham","Trent","L","L","SDN","OF"
"1266","guerj004","Guerra","Javy","L","R","SDN","SS"
"1267","hillt002","Hill","Tim","R","L","SDN","P"
"1268","hosme001","Hosmer","Eric","L","L","SDN","1B"
"1269","hudsd001","Hudson","Daniel","R","R","SDN","P"
"1270","johnp001","Johnson","Pierce","R","R","SDN","P"
"1271","kelak001","Kela","Keone","R","R","SDN","P"
"1272","kim-h002","Kim","Ha-Seong","R","R","SDN","SS"
"1273","kivlp001","Kivlehan","Patrick","R","R","SDN","OF"
"1274","knehr001","Knehr","Reiss","L","R","SDN","P"
"1275","lamed001","Lamet","Dinelson","R","R","SDN","P"
"1276","machm001","Machado","Manny","R","R","SDN","3B"
"1277","marct001","Marcano","Tucupita","L","R","SDN","3B"
"1278","marij002","Marisnick","Jake","R","R","SDN","OF"
"1279","matej003","Mateo","Jorge","R","R","SDN","SS"
"1280","melam001","Melancon","Mark","R","R","SDN","P"
"1281","morea001","Morejon","Adrian","L","L","SDN","P"
"1282","musgj001","Musgrove","Joe","R","R","SDN","P"
"1283","myerw001","Myers","Wil","R","R","SDN","OF"
"1284","nolaa002","Nola","Austin","R","R","SDN","1B"
"1285","norta001","Northcraft","Aaron","R","R","SDN","P"
"1286","norwj001","Norwood","James","R","R","SDN","P"
"1287","ograb001","O'Grady","Brian","L","R","SDN","1B"
"1288","paddc001","Paddack","Chris","R","R","SDN","P"
"1289","pagae001","Pagan","Emilio","L","R","SDN","P"
"1290","phamt001","Pham","Tommy","R","R","SDN","OF"
"1291","pomed001","Pomeranz","Drew","R","L","SDN","P"
"1292","profj001","Profar","Jurickson","B","R","SDN","2B"
"1293","ramin003","Ramirez","Nick","L","L","SDN","P"
"1294","rivaw001","Rivas","Webster","R","R","SDN","C"
"1295","snelb001","Snell","Blake","L","L","SDN","P"
"1296","stamc001","Stammen","Craig","R","R","SDN","P"
"1297","stram001","Strahm","Matt","R","L","SDN","P"
"1298","tatif002","Tatis","Fernando","R","R","SDN","SS"
"1299","thomm005","Thompson","Mason","R","R","SDN","P"
"1300","velav001","Velasquez","Vince","R","R","SDN","P"
"1301","weatr001","Weathers","Ryan","R","L","SDN","P"
"1302","willt003","Williams","Taylor","B","R","SDN","P"
"1303","andet002","Anderson","Tyler","L","L","SEA","P"
"1304","andrm001","Andriese","Matt","R","R","SEA","P"
"1305","bauej001","Bauers","Jake","L","L","SEA","1B"
"1306","bishb001","Bishop","Braden","R","R","SEA","OF"
"1307","campe001","Campbell","Eric","R","R","SEA","3B"
"1308","castd002","Castillo","Diego","R","R","SEA","P"
"1309","charj001","Chargois","J.T.","B","R","SEA","P"
"1310","crawj002","Crawford","J.P.","L","R","SEA","SS"
"1311","dools001","Doolittle","Sean","L","L","SEA","P"
"1312","duggr001","Dugger","Robert","R","R","SEA","P"
"1313","dunnj002","Dunn","Justin","R","R","SEA","P"
"1314","fleta001","Fletcher","Aaron","L","L","SEA","P"
"1315","flexc001","Flexen","Chris","R","R","SEA","P"
"1316","fralj001","Fraley","Jake","L","L","SEA","OF"
"1317","frant002","France","Ty","R","R","SEA","3B"
"1318","gilbl002","Gilbert","Logan","R","R","SEA","P"
"1319","godoj001","Godoy","Jose","L","R","SEA","C"
"1320","gonzm005","Gonzales","Marco","L","L","SEA","P"
"1321","gravk001","Graveman","Kendall","R","R","SEA","P"
"1322","haggs001","Haggerty","Sam","B","R","SEA","2B"
"1323","hanim001","Haniger","Mitch","R","R","SEA","OF"
"1324","kelej001","Kelenic","Jarred","L","L","SEA","OF"
"1325","kikuy001","Kikuchi","Yusei","L","L","SEA","P"
"1326","lailb001","Lail","Brady","R","R","SEA","P"
"1327","lewik001","Lewis","Kyle","R","R","SEA","OF"
"1328","longs001","Long","Shed","L","R","SEA","2B"
"1329","margn001","Margevicius","Nick","L","L","SEA","P"
"1330","marmj001","Marmolejos","Jose","L","L","SEA","P"
"1331","mayfj001","Mayfield","Jack","R","R","SEA","2B"
"1332","mccad002","McCaughan","Darren","R","R","SEA","P"
"1333","middk001","Middleton","Keynan","R","R","SEA","P"
"1334","millw002","Mills","Wyatt","R","R","SEA","P"
"1335","misia001","Misiewicz","Anthony","R","L","SEA","P"
"1336","montr004","Montero","Rafael","R","R","SEA","P"
"1337","moord002","Moore","Dylan","R","R","SEA","3B"
"1338","munoa002","Munoz","Andres","R","R","SEA","P"
"1339","murpt002","Murphy","Tom","R","R","SEA","C"
"1340","newsl001","Newsome","Ljay","R","R","SEA","P"
"1341","nittv001","Nittoli","Vinny","R","R","SEA","P"
"1342","nottj001","Nottingham","Jacob","R","R","SEA","C"
"1343","padlk001","Padlo","Kevin","R","R","SEA","3B"
"1344","paxtj001","Paxton","James","L","L","SEA","P"
"1345","ralec001","Raleigh","Cal","B","R","SEA","C"
"1346","ramiy002","Ramirez","Yohan","R","R","SEA","P"
"1347","riosy001","Rios","Yacksel","R","R","SEA","P"
"1348","sadlc002","Sadler","Casey","R","R","SEA","P"
"1349","santh001","Santiago","Hector","R","L","SEA","P"
"1350","seagk001","Seager","Kyle","L","R","SEA","3B"
"1351","sewap001","Sewald","Paul","R","R","SEA","P"
"1352","shefj001","Sheffield","Justus","L","L","SEA","P"
"1353","smitj002","Smith","Joe","R","R","SEA","P"
"1354","stecd001","Steckenrider","Drew","R","R","SEA","P"
"1355","swane001","Swanson","Erik","R","R","SEA","P"
"1356","tapid001","Tapia","Domingo","R","R","SEA","P"
"1357","thomd004","Thomas","Dillon","L","L","SEA","OF"
"1358","toroa001","Toro","Abraham","B","R","SEA","3B"
"1359","torrl001","Torrens","Luis","R","R","SEA","C"
"1360","tramt001","Trammell","Taylor","L","L","SEA","OF"
"1361","vestw001","Vest","Will","R","R","SEA","P"
"1362","waltd002","Walton","Donnie","L","R","SEA","2B"
"1363","weber001","Weber","Ryan","R","R","SEA","P"
"1364","white005","White","Evan","R","L","SEA","1B"
"1365","zamod001","Zamora","Daniel","L","L","SEA","P"
"1366","alvaj003","Alvarez","Jose","L","L","SFN","P"
"1367","barac001","Baragar","Caleb","R","L","SFN","P"
"1368","bartj003","Bart","Joey","R","R","SFN","C"
"1369","beedt001","Beede","Tyler","R","R","SFN","P"
"1370","beltb001","Belt","Brandon","L","L","SFN","1B"
"1371","bolts001","Bolt","Skye","B","R","SFN","OF"
"1372","brebj001","Brebbia","John","L","R","SFN","P"
"1373","bryak001","Bryant","Kris","R","R","SFN","3B"
"1374","casac001","Casali","Curt","R","R","SFN","C"
"1375","castk002","Castro","Kervin","R","R","SFN","P"
"1376","chatt001","Chatwood","Tyler","R","R","SFN","P"
"1377","crawb001","Crawford","Brandon","L","R","SFN","SS"
"1378","cuetj001","Cueto","Johnny","R","R","SFN","P"
"1379","davij008","Davis","Jaylin","R","R","SFN","OF"
"1380","desca001","DeSclafani","Anthony","R","R","SFN","P"
"1381","dicka001","Dickerson","Alex","L","L","SFN","OF"
"1382","dovac001","Doval","Camilo","R","R","SFN","P"
"1383","dubom001","Dubon","Mauricio","R","R","SFN","SS"
"1384","duggs001","Duggar","Steven","L","R","SFN","OF"
"1385","estrt001","Estrada","Thairo","R","R","SFN","SS"
"1386","florw001","Flores","Wilmer","R","R","SFN","SS"
"1387","garcj006","Garcia","Jarlin","L","L","SFN","P"
"1388","gausk001","Gausman","Kevin","L","R","SFN","P"
"1389","jackj001","Jackson","Jay","R","R","SFN","P"
"1390","kazms001","Kazmir","Scott","L","L","SFN","P"
"1391","lastt001","La Stella","Tommy","L","R","SFN","2B"
"1392","leond003","Leone","Dominic","R","R","SFN","P"
"1393","littz001","Littell","Zack","R","R","SFN","P"
"1394","longe001","Longoria","Evan","R","R","SFN","3B"
"1395","longs002","Long","Sammy","L","L","SFN","P"
"1396","mcgej001","McGee","Jake","L","L","SFN","P"
"1397","menec001","Menez","Conner","L","L","SFN","P"
"1398","moror001","Moronta","Reyes","R","R","SFN","P"
"1399","peraw002","Peralta","Wandy","L","L","SFN","P"
"1400","poseb001","Posey","Buster","R","R","SFN","C"
"1401","quinj001","Quintana","Jose","R","L","SFN","P"
"1402","roget002","Rogers","Tyler","R","R","SFN","P"
"1403","ruf-d001","Ruf","Darin","R","R","SFN","1B"
"1404","sanca006","Sanchez","Aaron","R","R","SFN","P"
"1405","santg001","Santos","Gregory","R","R","SFN","P"
"1406","selms001","Selman","Sam","R","L","SFN","P"
"1407","sherj001","Sherfy","Jimmie","R","R","SFN","P"
"1408","slata001","Slater","Austin","R","R","SFN","OF"
"1409","solad001","Solano","Donovan","R","R","SFN","2B"
"1410","taucm001","Tauchman","Mike","L","L","SFN","OF"
"1411","tromc001","Tromp","Chadwick","R","R","SFN","C"
"1412","tropn001","Tropeano","Nick","R","R","SFN","P"
"1413","voslj001","Vosler","Jason","L","R","SFN","3B"
"1414","wadel001","Wade","LaMonte","L","L","SFN","OF"
"1415","watst001","Watson","Tony","L","L","SFN","P"
"1416","webbl001","Webb","Logan","R","R","SFN","P"
"1417","wislm001","Wisler","Matt","R","R","SFN","P"
"1418","wooda002","Wood","Alex","R","L","SFN","P"
"1419","yastm001","Yastrzemski","Mike","L","L","SFN","OF"
"1420","arenn001","Arenado","Nolan","R","R","SLN","3B"
"1421","badeh001","Bader","Harrison","R","R","SLN","OF"
"1422","cabrg001","Cabrera","Genesis","L","L","SLN","P"
"1423","carld002","Carlson","Dylan","B","L","SLN","OF"
"1424","carpm002","Carpenter","Matt","L","R","SLN","3B"
"1425","deana001","Dean","Austin","R","R","SLN","OF"
"1426","dejop001","DeJong","Paul","R","R","SLN","3B"
"1427","dickb001","Dickson","Brandon","R","R","SLN","P"
"1428","edmat001","Edman","Tommy","B","R","SLN","SS"
"1429","elles001","Elledge","Seth","R","R","SLN","P"
"1430","fernj006","Fernandez","Junior","R","R","SLN","P"
"1431","flahj002","Flaherty","Jack","R","R","SLN","P"
"1432","florb002","Flores","Bernardo","L","L","SLN","P"
"1433","gallg001","Gallegos","Giovanny","R","R","SLN","P"
"1434","gantj002","Gant","John","R","R","SLN","P"
"1435","garcl005","Garcia","Luis","R","R","SLN","P"
"1436","goldp001","Goldschmidt","Paul","R","R","SLN","1B"
"1437","happj001","Happ","J. A.","L","L","SLN","P"
"1438","helsr001","Helsley","Ryan","R","R","SLN","P"
"1439","hickj002","Hicks","Jordan","R","R","SLN","P"
"1440","hudsd002","Hudson","Dakota","R","R","SLN","P"
"1441","hurss001","Hurst","Scott","L","R","SLN","OF"
"1442","kim-k001","Kim","Kwang Hyun","L","L","SLN","P"
"1443","kniza001","Knizner","Andrew","R","R","SLN","C"
"1444","leblw001","LeBlanc","Wade","L","L","SLN","P"
"1445","lestj001","Lester","Jon","L","L","SLN","P"
"1446","martc006","Martinez","Carlos","R","R","SLN","P"
"1447","mcfat001","McFarland","T. J.","L","L","SLN","P"
"1448","mikom001","Mikolas","Miles","R","R","SLN","P"
"1449","milla002","Miller","Andrew","L","L","SLN","P"
"1450","millj006","Miller","Justin","R","R","SLN","P"
"1451","moliy001","Molina","Yadier","R","R","SLN","C"
"1452","morom001","Moroff","Max","B","R","SLN","2B"
"1453","nogoj001","Nogowski","John","R","L","SLN","1B"
"1454","nootl001","Nootbaar","Lars","L","R","SLN","OF"
"1455","oneit001","O'Neill","Tyler","R","R","SLN","OF"
"1456","oviej001","Oviedo","Johan","R","R","SLN","P"
"1457","poncd001","Ponce de Leon","Daniel","R","R","SLN","P"
"1458","ramir005","Ramirez","Roel","R","R","SLN","P"
"1459","reyea004","Reyes","Alex","R","R","SLN","P"
"1460","ronda001","Rondon","Angel","R","R","SLN","P"
"1461","rondj002","Rondon","Jose","R","R","SLN","SS"
"1462","sanca009","Sanchez","Ali","R","R","SLN","C"
"1463","sosae001","Sosa","Edmundo","R","R","SLN","SS"
"1464","thoml002","Thomas","Lane","R","R","SLN","OF"
"1465","waddb001","Waddell","Brandon","L","L","SLN","P"
"1466","waina001","Wainwright","Adam","R","R","SLN","P"
"1467","webbt001","Webb","Tyler","L","L","SLN","P"
"1468","whitk001","Whitley","Kodi","R","R","SLN","P"
"1469","willj006","Williams","Justin","L","R","SLN","OF"
"1470","woodj003","Woodford","Jake","R","R","SLN","P"
"1471","adamw002","Adames","Willy","R","R","TBA","SS"
"1472","anden001","Anderson","Nick","R","R","TBA","P"
"1473","archc001","Archer","Chris","R","R","TBA","P"
"1474","armss001","Armstrong","Shawn","R","R","TBA","P"
"1475","arozr001","Arozarena","Randy","R","R","TBA","OF"
"1476","baz-s001","Baz","Shane","R","R","TBA","P"
"1477","brosm001","Brosseau","Mike","R","R","TBA","3B"
"1478","brujv001","Brujan","Vidal","B","R","TBA","OF"
"1479","castd002","Castillo","Diego","R","R","TBA","P"
"1480","charj001","Chargois","J.T.","B","R","TBA","P"
"1481","choij001","Choi","Ji-Man","L","R","TBA","OF"
"1482","conla001","Conley","Adam","L","L","TBA","P"
"1483","cruzn002","Cruz","Nelson","R","R","TBA","OF"
"1484","diazy001","Diaz","Yandy","R","R","TBA","OF"
"1485","ellic001","Ellis","Chris","L","R","TBA","P"
"1486","ennsd001","Enns","Dietrich","L","L","TBA","P"
"1487","fairp001","Fairbanks","Pete","R","R","TBA","P"
"1488","feyej001","Feyereisen","J. P.","R","R","TBA","P"
"1489","flemj001","Fleming","Josh","R","L","TBA","P"
"1490","franw002","Franco","Wander","B","R","TBA","3B"
"1491","glast001","Glasnow","Tyler","L","R","TBA","P"
"1492","headl001","Head","Louis","R","R","TBA","P"
"1493","hessd001","Hess","David","R","R","TBA","P"
"1494","hillr001","Hill","Rich","L","L","TBA","P"
"1495","honeb001","Honeywell","Brent","R","R","TBA","P"
"1496","johnd005","Johnson","D.J.","L","R","TBA","P"
"1497","kierk001","Kiermaier","Kevin","L","R","TBA","OF"
"1498","kitta001","Kittredge","Andrew","R","R","TBA","P"
"1499","krehj001","Krehbiel","Joey","R","R","TBA","P"
"1500","loweb001","Lowe","Brandon","L","R","TBA","2B"
"1501","lowej002","Lowe","Josh","L","R","TBA","OF"
"1502","luplj001","Luplow","Jordan","R","R","TBA","OF"
"1503","margm001","Margot","Manuel","R","R","TBA","OF"
"1504","mazzc002","Mazza","Chris","R","R","TBA","P"
"1505","mccls003","McClanahan","Shane","L","L","TBA","P"
"1506","mchuc001","McHugh","Collin","R","R","TBA","P"
"1507","meada001","Meadows","Austin","L","L","TBA","OF"
"1508","mejif001","Mejia","Francisco","B","R","TBA","C"
"1509","odomj001","Odom","Joseph","R","R","TBA","C"
"1510","padlk001","Padlo","Kevin","R","R","TBA","3B"
"1511","patil001","Patino","Luis","R","R","TBA","P"
"1512","philb002","Phillips","Brett","L","R","TBA","OF"
"1513","phile001","Phillips","Evan","R","R","TBA","P"
"1514","popps001","Poppen","Sean","R","R","TBA","P"
"1515","rasmd002","Rasmussen","Drew","R","R","TBA","P"
"1516","reedc002","Reed","Cody","L","L","TBA","P"
"1517","richt001","Richards","Trevor","R","R","TBA","P"
"1518","robed002","Robertson","David","R","R","TBA","P"
"1519","roe-c001","Roe","Chaz","R","R","TBA","P"
"1520","sherr001","Sherriff","Ryan","L","L","TBA","P"
"1521","smitk002","Smith","Kevan","R","R","TBA","C"
"1522","sprij001","Springs","Jeffrey","L","L","TBA","P"
"1523","strih001","Strickland","Hunter","R","R","TBA","P"
"1524","thomr007","Thompson","Ryan","R","R","TBA","P"
"1525","tsuty001","Tsutsugo","Yoshi","L","R","TBA","OF"
"1526","wachm001","Wacha","Michael","R","R","TBA","P"
"1527","wallt003","Walls","Taylor","B","R","TBA","SS"
"1528","wendj002","Wendle","Joey","L","R","TBA","2B"
"1529","wislm001","Wisler","Matt","R","R","TBA","P"
"1530","yarbr001","Yarbrough","Ryan","R","L","TBA","P"
"1531","zunim001","Zunino","Mike","R","R","TBA","C"
"1532","alexa001","Alexy","A. J.","R","R","TEX","P"
"1533","allak001","Allard","Kolby","L","L","TEX","P"
"1534","anded003","Anderson","Drew","R","R","TEX","P"
"1535","arihk001","Arihara","Kohei","R","R","TEX","P"
"1536","barlj001","Barlow","Joe","R","R","TEX","P"
"1537","benjw001","Benjamin","Wes","R","L","TEX","P"
"1538","bushm001","Bush","Matt","R","R","TEX","P"
"1539","calhw001","Calhoun","Willie","L","R","TEX","OF"
"1540","codyk001","Cody","Kyle","R","R","TEX","P"
"1541","cottj001","Cotton","Jharel","R","R","TEX","P"
"1542","culbc001","Culberson","Charlie","R","R","TEX","3B"
"1543","dahld001","Dahl","David","L","R","TEX","OF"
"1544","davik003","Davis","Khris","R","R","TEX","OF"
"1545","degeb001","de Geus","Brett","R","R","TEX","P"
"1546","doror001","Dorow","Ryan","R","R","TEX","3B"
"1547","dunnd001","Dunning","Dane","R","R","TEX","P"
"1548","evand003","Evans","Demarcus","R","R","TEX","P"
"1549","foltm001","Foltynewicz","Mike","R","R","TEX","P"
"1550","gallj002","Gallo","Joey","L","R","TEX","OF"
"1551","garca005","Garcia","Adolis","R","R","TEX","OF"
"1552","gibsk002","Gibson","Kyle","R","R","TEX","P"
"1553","guzmr001","Guzman","Ronald","L","L","TEX","1B"
"1554","heart001","Hearn","Taylor","L","L","TEX","P"
"1555","heimj001","Heim","Jonah","B","R","TEX","C"
"1556","hergj001","Herget","Jimmy","R","R","TEX","P"
"1557","herny003","Hernandez","Yonny","B","R","TEX","3B"
"1558","hickj001","Hicks","John","R","R","TEX","C"
"1559","holtb002","Holt","Brock","L","R","TEX","OF"
"1560","howas003","Howard","Spencer","R","R","TEX","P"
"1561","ibana001","Ibanez","Andy","R","R","TEX","3B"
"1562","kenni001","Kennedy","Ian","R","R","TEX","P"
"1563","kinei001","Kiner-Falefa","Isiah","R","R","TEX","3B"
"1564","kingj002","King","John","L","L","TEX","P"
"1565","latzj001","Latz","Jake","R","L","TEX","P"
"1566","lowen001","Lowe","Nate","L","R","TEX","1B"
"1567","lylej001","Lyles","Jordan","R","R","TEX","P"
"1568","martb002","Martin","Brett","L","L","TEX","P"
"1569","martj009","Martin","Jason","L","R","TEX","OF"
"1570","ottog001","Otto","Glenn","R","R","TEX","P"
"1571","patts002","Patton","Spencer","R","R","TEX","P"
"1572","peted004","Peters","DJ","R","R","TEX","OF"
"1573","pozoy001","Pozo","Yohel","R","R","TEX","C"
"1574","rodrj004","Rodriguez","Joely","L","L","TEX","P"
"1575","santd003","Santana","Dennis","R","R","TEX","P"
"1576","sborj002","Sborz","Josh","R","R","TEX","P"
"1577","snydn001","Snyder","Nick","R","R","TEX","P"
"1578","solan001","Solak","Nick","R","R","TEX","2B"
"1579","tavel001","Taveras","Leody","B","R","TEX","OF"
"1580","tejea001","Tejeda","Anderson","B","R","TEX","SS"
"1581","terrc001","Terry","Curtis","R","R","TEX","1B"
"1582","trevj001","Trevino","Jose","R","R","TEX","C"
"1583","white006","White","Eli","R","R","TEX","2B"
"1584","woodh001","Wood","Hunter","R","R","TEX","P"
"1585","yangh001","Yang","Hyeon-Jong","L","L","TEX","P"
"1586","adamr004","Adams","Riley","R","R","TOR","C"
"1587","allgn001","Allgeyer","Nick","L","L","TOR","P"
"1588","bakeb001","Baker","Bryan","R","R","TOR","P"
"1589","barnj002","Barnes","Jacob","R","R","TOR","P"
"1590","beasj001","Beasley","Jeremy","R","R","TOR","P"
"1591","bergt001","Bergen","Travis","L","L","TOR","P"
"1592","berrj001","Berrios","Jose","R","R","TOR","P"
"1593","bichb001","Bichette","Bo","R","R","TOR","SS"
"1594","biggc002","Biggio","Cavan","L","R","TOR","2B"
"1595","borur001","Borucki","Ryan","L","L","TOR","P"
"1596","casta005","Castro","Anthony","R","R","TOR","P"
"1597","chatt001","Chatwood","Tyler","R","R","TOR","P"
"1598","cimba001","Cimber","Adam","R","R","TOR","P"
"1599","colea002","Cole","A. J.","R","R","TOR","P"
"1600","davij007","Davis","Jonathan","R","R","TOR","OF"
"1601","dickc002","Dickerson","Corey","L","R","TOR","OF"
"1602","dolir001","Dolis","Rafael","R","R","TOR","P"
"1603","dysoj001","Dyson","Jarrod","L","R","TOR","OF"
"1604","edwac001","Edwards","Carl","R","R","TOR","P"
"1605","espis001","Espinal","Santiago","R","R","TOR","2B"
"1606","gricr001","Grichuk","Randal","R","R","TOR","OF"
"1607","guerv002","Guerrero","Vladimir","R","R","TOR","3B"
"1608","gurrl001","Gurriel","Lourdes","R","R","TOR","2B"
"1609","handb001","Hand","Brad","L","L","TOR","P"
"1610","hatct001","Hatch","Thomas","R","R","TOR","P"
"1611","hernt002","Hernandez","Teoscar","R","R","TOR","OF"
"1612","hoyij001","Hoying","Jared","L","R","TOR","OF"
"1613","jansd001","Jansen","Danny","R","R","TOR","C"
"1614","kay-a001","Kay","Anthony","L","L","TOR","P"
"1615","kirka001","Kirk","Alejandro","R","R","TOR","C"
"1616","lambj001","Lamb","Jake","L","R","TOR","3B"
"1617","lopeo001","Lopez","Otto","R","R","TOR","2B"
"1618","manoa001","Manoah","Alek","R","R","TOR","P"
"1619","matzs001","Matz","Steven","R","L","TOR","P"
"1620","mayzt001","Mayza","Tim","L","L","TOR","P"
"1621","mcgur002","McGuire","Reese","L","R","TOR","C"
"1622","merrj001","Merryweather","Julian","R","R","TOR","P"
"1623","milot001","Milone","Tommy","L","L","TOR","P"
"1624","murpp001","Murphy","Patrick","R","R","TOR","P"
"1625","overc001","Overton","Connor","L","R","TOR","P"
"1626","palaj001","Palacios","Josh","L","R","TOR","OF"
"1627","panij002","Panik","Joe","L","R","TOR","2B"
"1628","payaj001","Payamps","Joel","R","R","TOR","P"
"1629","pearn001","Pearson","Nate","R","R","TOR","P"
"1630","pheld001","Phelps","David","R","R","TOR","P"
"1631","ray-r002","Ray","Robbie","L","L","TOR","P"
"1632","richt001","Richards","Trevor","R","R","TOR","P"
"1633","roart001","Roark","Tanner","R","R","TOR","P"
"1634","romaj004","Romano","Jordan","R","R","TOR","P"
"1635","ryu-h001","Ryu","Hyun Jin","R","L","TOR","P"
"1636","sauct001","Saucedo","Tayler","L","L","TOR","P"
"1637","semim001","Semien","Marcus","R","R","TOR","SS"
"1638","smitk003","Smith","Kevin","R","R","TOR","SS"
"1639","sneak001","Snead","Kirby","L","L","TOR","P"
"1640","sorij001","Soria","Joakim","R","R","TOR","P"
"1641","sprig001","Springer","George","R","R","TOR","OF"
"1642","strir001","Stripling","Ross","R","R","TOR","P"
"1643","tellr001","Tellez","Rowdy","L","L","TOR","1B"
"1644","thort002","Thornton","Trent","R","R","TOR","P"
"1645","ticet001","Tice","Ty","L","R","TOR","P"
"1646","valeb001","Valera","Breyvic","B","R","TOR","2B"
"1647","zeuct001","Zeuch","T. J.","R","R","TOR","P"
"1648","adamr004","Adams","Riley","R","R","WAS","C"
"1649","adonj001","Adon","Joan","R","R","WAS","P"
"1650","arteh001","Arteaga","Humberto","R","R","WAS","SS"
"1651","avila001","Avila","Alex","L","R","WAS","C"
"1652","avill001","Avilan","Luis","L","L","WAS","P"
"1653","balda001","Baldonado","Alberto","L","L","WAS","P"
"1654","barrt004","Barrera","Tres","R","R","WAS","C"
"1655","bellj005","Bell","Josh","B","R","WAS","1B"
"1656","casts001","Castro","Starlin","R","R","WAS","SS"
"1657","clays001","Clay","Sam","L","L","WAS","P"
"1658","corbp001","Corbin","Patrick","L","L","WAS","P"
"1659","escoa003","Escobar","Alcides","R","R","WAS","SS"
"1660","espip001","Espino","Paolo","R","R","WAS","P"
"1661","fedde001","Fedde","Erick","R","R","WAS","P"
"1662","finnk001","Finnegan","Kyle","R","R","WAS","P"
"1663","garcl006","Garcia","Luis","L","R","WAS","SS"
"1664","gomey001","Gomes","Yan","R","R","WAS","C"
"1665","grayj004","Gray","Josiah","R","R","WAS","P"
"1666","guerj002","Guerra","Javy","R","R","WAS","P"
"1667","handb001","Hand","Brad","L","L","WAS","P"
"1668","harpr001","Harper","Ryne","R","R","WAS","P"
"1669","harrj002","Harrison","Josh","R","R","WAS","3B"
"1670","harrw002","Harris","Will","R","R","WAS","P"
"1671","herny002","Hernandez","Yadiel","L","R","WAS","OF"
"1672","hudsd001","Hudson","Daniel","R","R","WAS","P"
"1673","kiebc001","Kieboom","Carter","R","R","WAS","SS"
"1674","klobg001","Klobosits","Gabe","L","R","WAS","P"
"1675","lestj001","Lester","Jon","L","L","WAS","P"
"1676","lobsk001","Lobstein","Kyle","L","L","WAS","P"
"1677","lucrj001","Lucroy","Jonathan","R","R","WAS","C"
"1678","macha003","Machado","Andres","R","R","WAS","P"
"1679","mcgok002","McGowin","Kyle","R","R","WAS","P"
"1680","mercj002","Mercer","Jordy","R","R","WAS","SS"
"1681","millj006","Miller","Justin","R","R","WAS","P"
"1682","murpp001","Murphy","Patrick","R","R","WAS","P"
"1683","nolis001","Nolin","Sean","L","L","WAS","P"
"1684","parrg001","Parra","Gerardo","L","L","WAS","OF"
"1685","pereh001","Perez","Hernan","R","R","WAS","3B"
"1686","raint003","Rainey","Tanner","R","R","WAS","P"
"1687","reetj001","Reetz","Jakson","R","R","WAS","C"
"1688","river003","Rivera","Rene","R","R","WAS","C"
"1689","roblv001","Robles","Victor","R","R","WAS","OF"
"1690","rodrj005","Rodriguez","Jefry","R","R","WAS","P"
"1691","rogej003","Rogers","Josh","L","L","WAS","P"
"1692","romej003","Romero","Jhon","R","R","WAS","P"
"1693","rossj002","Ross","Joe","R","R","WAS","P"
"1694","ruizk001","Ruiz","Keibert","B","R","WAS","C"
"1695","sanca007","Sanchez","Adrian","R","R","WAS","2B"
"1696","schem001","Scherzer","Max","R","R","WAS","P"
"1697","schwk001","Schwarber","Kyle","L","R","WAS","OF"
"1698","sotoj001","Soto","Juan","L","L","WAS","OF"
"1699","steva001","Stevenson","Andrew","L","L","WAS","OF"
"1700","stras001","Strasburg","Stephen","R","R","WAS","P"
"1701","suerw002","Suero","Wander","R","R","WAS","P"
"1702","thoml002","Thomas","Lane","R","R","WAS","OF"
"1703","thomm005","Thompson","Mason","R","R","WAS","P"
"1704","turnt001","Turner","Trea","R","R","WAS","SS"
"1705","votha001","Voth","Austin","R","R","WAS","P"
"1706","wilsc005","Wilson","Cody","R","R","WAS","OF"
"1707","zimmr001","Zimmerman","Ryan","R","R","WAS","1B"
